-- MySQL dump 10.14  Distrib 5.5.60-MariaDB, for Linux (x86_64)
--
-- Host: localhost    Database: agentcustomermanagement
-- ------------------------------------------------------
-- Server version	5.5.60-MariaDB

/*!40101 SET @OLD_CHARACTER_SET_CLIENT=@@CHARACTER_SET_CLIENT */;
/*!40101 SET @OLD_CHARACTER_SET_RESULTS=@@CHARACTER_SET_RESULTS */;
/*!40101 SET @OLD_COLLATION_CONNECTION=@@COLLATION_CONNECTION */;
/*!40101 SET NAMES utf8 */;
/*!40103 SET @OLD_TIME_ZONE=@@TIME_ZONE */;
/*!40103 SET TIME_ZONE='+00:00' */;
/*!40014 SET @OLD_UNIQUE_CHECKS=@@UNIQUE_CHECKS, UNIQUE_CHECKS=0 */;
/*!40014 SET @OLD_FOREIGN_KEY_CHECKS=@@FOREIGN_KEY_CHECKS, FOREIGN_KEY_CHECKS=0 */;
/*!40101 SET @OLD_SQL_MODE=@@SQL_MODE, SQL_MODE='NO_AUTO_VALUE_ON_ZERO' */;
/*!40111 SET @OLD_SQL_NOTES=@@SQL_NOTES, SQL_NOTES=0 */;

--
-- Table structure for table `commission_type`
--

DROP TABLE IF EXISTS `commission_type`;
/*!40101 SET @saved_cs_client     = @@character_set_client */;
/*!40101 SET character_set_client = utf8 */;
CREATE TABLE `commission_type` (
  `id` int(11) NOT NULL AUTO_INCREMENT,
  `name` varchar(45) NOT NULL,
  `commission_value` decimal(12,2) NOT NULL,
  PRIMARY KEY (`id`),
  UNIQUE KEY `name_UNIQUE` (`name`)
) ENGINE=InnoDB DEFAULT CHARSET=utf8;
/*!40101 SET character_set_client = @saved_cs_client */;

--
-- Dumping data for table `commission_type`
--

LOCK TABLES `commission_type` WRITE;
/*!40000 ALTER TABLE `commission_type` DISABLE KEYS */;
/*!40000 ALTER TABLE `commission_type` ENABLE KEYS */;
UNLOCK TABLES;

--
-- Table structure for table `county`
--

DROP TABLE IF EXISTS `county`;
/*!40101 SET @saved_cs_client     = @@character_set_client */;
/*!40101 SET character_set_client = utf8 */;
CREATE TABLE `county` (
  `id` int(11) NOT NULL AUTO_INCREMENT,
  `name` varchar(100) NOT NULL,
  PRIMARY KEY (`id`),
  UNIQUE KEY `name_UNIQUE` (`name`)
) ENGINE=InnoDB AUTO_INCREMENT=44 DEFAULT CHARSET=utf8;
/*!40101 SET character_set_client = @saved_cs_client */;

--
-- Dumping data for table `county`
--

LOCK TABLES `county` WRITE;
/*!40000 ALTER TABLE `county` DISABLE KEYS */;
INSERT INTO `county` VALUES (2,'Alba'),(3,'Arad'),(4,'Argeş'),(5,'Bacău'),(6,'Bihor'),(7,'Bistriţa-Năsăud'),(8,'Botoşani'),(9,'Brăila'),(10,'Braşov'),(43,'Bucureşti'),(11,'Buzău'),(12,'Călăraşi'),(13,'Caraş-Severin'),(1,'Cluj'),(15,'Constanţa'),(16,'Covasna'),(17,'Dâmboviţa'),(18,'Dolj'),(19,'Galaţi'),(20,'Giurgiu'),(21,'Gorj'),(22,'Harghita'),(23,'Hunedoara'),(24,'Ialomiţa'),(25,'Iaşi'),(26,'Ilfov'),(27,'Maramureş'),(28,'Mehedinţi'),(29,'Mureş'),(30,'Neamţ'),(31,'Olt'),(32,'Prahova'),(33,'Sălaj'),(34,'Satu Mare'),(35,'Sibiu'),(36,'Suceava'),(37,'Teleorman'),(38,'Timiş'),(39,'Tulcea'),(40,'Vâlcea'),(41,'Vaslui'),(42,'Vrancea');
/*!40000 ALTER TABLE `county` ENABLE KEYS */;
UNLOCK TABLES;

--
-- Table structure for table `customer`
--

DROP TABLE IF EXISTS `customer`;
/*!40101 SET @saved_cs_client     = @@character_set_client */;
/*!40101 SET character_set_client = utf8 */;
CREATE TABLE `customer` (
  `id` bigint(20) NOT NULL AUTO_INCREMENT,
  `contract_number` varchar(10) NOT NULL,
  `first_name` varchar(100) NOT NULL,
  `last_name` varchar(100) NOT NULL,
  `product_type` int(11) NOT NULL,
  `contract_type` int(11) NOT NULL,
  `commission_subcategory` int(11) NOT NULL,
  `county_id` int(11) NOT NULL,
  `location` varchar(100) NOT NULL,
  `phone_number` varchar(20) NOT NULL,
  `contract_date` date NOT NULL,
  `is_active` bit(1) NOT NULL,
  `agent_id` bigint(20) NOT NULL,
  `agent_name` varchar(100) NOT NULL,
  `street` varchar(100) NOT NULL,
  `street_number` varchar(10) NOT NULL,
  `start_delivery_date` date NOT NULL,
  `commission` decimal(12,2) DEFAULT NULL,
  `status` int(11) NOT NULL,
  `flat` varchar(10) DEFAULT NULL,
  `stair_number` varchar(10) DEFAULT NULL,
  `apartment_number` varchar(10) DEFAULT NULL,
  PRIMARY KEY (`id`),
  UNIQUE KEY `contract_number` (`contract_number`),
  KEY `fk_customer_county` (`county_id`),
  KEY `fk_customer_agent` (`agent_id`),
  CONSTRAINT `fk_customer_agent` FOREIGN KEY (`agent_id`) REFERENCES `user` (`user_id`) ON DELETE CASCADE ON UPDATE NO ACTION,
  CONSTRAINT `fk_customer_county` FOREIGN KEY (`county_id`) REFERENCES `county` (`id`) ON DELETE CASCADE ON UPDATE NO ACTION
) ENGINE=InnoDB AUTO_INCREMENT=9160087081149089577 DEFAULT CHARSET=utf8;
/*!40101 SET character_set_client = @saved_cs_client */;

--
-- Dumping data for table `customer`
--

LOCK TABLES `customer` WRITE;
/*!40000 ALTER TABLE `customer` DISABLE KEYS */;
INSERT INTO `customer` VALUES (-9196112257452390088,'6859','TRAIAN','PETROV',2,4,1,15,'MEDGIDIA','0766448592','2018-11-05','\0',6,'SPEDICATO DEBORAH S.R.L -','REPUBLICII','74','2019-01-01',50.00,2,'SC4','E','46'),(-9193560846052472850,'7739','MARIUS-CIPRIAN','IANCU',1,2,150,2,'ALBA IULIA','0754750384','2018-11-07','\0',5,'Twin Sinergy S.R.L. -','ALEXANDRU IOAN CUZA','12/G3/4/59','2019-01-01',32.00,2,'-','-','-'),(-9152042311474001107,'8319','VALERIA','KOVACS',2,4,1,2,'BARABANT','0752454941','2018-11-16','\0',3,'Richard Berszan','MURESULUI','46','2019-01-01',0.00,2,'-','-','-'),(-9135241696278263347,'8271','SEVER','MARTON',2,4,1,2,'OCNA MURES','0754677178','2018-11-13','\0',3,'Richard Berszan','HORIA','18','2019-01-01',0.00,2,'-','-','-'),(-9065061835178686989,'7936','FLORIN-MARIAN','NEAMT',1,2,150,1,'CUZDRIOARA','0747683609','2018-11-08','\0',5,'Twin Sinergy S.R.L. -','-','10','2019-01-01',32.00,2,'-','-','-'),(-9007252352911390283,'6694.','IONEL','STOIAN',1,2,200,15,'MEDGIDIA','00766235954','2018-11-08','\0',6,'SPEDICATO DEBORAH S.R.L -','SIRETULUI','24','2019-01-01',35.00,2,'2FC','B','12'),(-8991027951613164498,'8398','AUREL','RUS',2,4,1,1,'DEJ','0749584915','2018-11-09','\0',7,'BLUE STAR TRADING S.R.L. -','UNIRII','8','2019-01-01',35.00,2,'-','-','12'),(-8966628174395260231,'7966','AURITA','GORGA',1,1,100,1,'BACIU','0264260031','2018-11-15','\0',5,'Twin Sinergy S.R.L. -','MAGNOLIEI','13','2019-01-01',29.00,2,'G','-','1'),(-8920144094507872516,'8441','IULIANA','RAKUSCSINECZ-SOLYOM',1,3,50,1,'GHERLA','0759174560','2018-11-15','\0',7,'BLUE STAR TRADING S.R.L. -','VICTORIEI','4','2019-01-01',21.00,2,'-','-','3'),(-8842912584376169943,'7829.','IOSIF','MATE',2,4,1,1,'DEJ','-','2018-11-09','\0',5,'Twin Sinergy S.R.L. -','PRIMAVERII','2/A/18','2019-01-01',40.00,2,'-','-','-'),(-8805535707203745224,'8401','IOANA-MONICA','NAGY',2,4,1,1,'DEJ','0740131437','2018-11-09','\0',7,'BLUE STAR TRADING S.R.L. -','UNIRII','10','2019-01-01',35.00,2,'A6','A','11'),(-8793289044607480414,'6690.','CORNE','SERBAN',1,2,125,15,'MEDGIDIA','0729278963','2018-11-07','\0',6,'SPEDICATO DEBORAH S.R.L -','MARGARITARULUI','24','2019-01-01',35.00,2,'2','A','11'),(-8780344391794275080,'8417','KAROLY','GROZA',2,4,1,1,'DEJ','0768099854','2018-11-12','\0',7,'BLUE STAR TRADING S.R.L. -','AURORA','4','2019-01-01',35.00,2,'M2','B','34'),(-8705937156300386793,'7986','IOAN-FLORIAN','GHIURA',1,3,50,1,'FLORESTI','0756853272','2018-11-21','\0',5,'Twin Sinergy S.R.L. -','GHEORGHE DOJA','-','2019-01-01',23.00,2,'F','1','8C'),(-8688490980617797075,'7918.','SILVIU','SZILAGY',1,1,125,2,'TEIUS','0755684620','2018-11-05','\0',5,'Twin Sinergy S.R.L. -','DECEBAL','7/19','2019-01-01',32.00,2,'-','-','-'),(-8607110099883440530,'7961.','GABRIELA','CONSTANTINESCU',1,1,100,2,'OCNA MURES','0737123940','2018-11-13','\0',5,'Twin Sinergy S.R.L. -','NICOLAE IORGA','32/39','2019-01-01',29.00,2,'-','-','-'),(-8607045089687023905,'8383','CONSTANTIN','MICHES',1,3,125,1,'DEJ','0751779621','2018-11-08','\0',7,'BLUE STAR TRADING S.R.L. -','TOMIS','26','2019-01-01',29.00,2,'Z','A','8'),(-8575504515451238802,'6686.','NICOLAE','FLOAREA',1,2,150,15,'MEDGIDIA','0755212433','2018-11-09','\0',6,'SPEDICATO DEBORAH S.R.L -','MARGARITARULUI','31','2019-01-01',35.00,2,'F','-','6'),(-8560619430222606521,'8362.','MARIAN','VALSAN',2,4,1,1,'DEJ','-','2018-11-06','\0',7,'BLUE STAR TRADING S.R.L. -','ION POP RETEGANU','3','2019-01-01',35.00,2,'I40','-','24'),(-8542045471656688611,'7861','LADISLAU','BIRO',2,4,1,2,'AIUD','0745433892','2018-11-23','\0',5,'Twin Sinergy S.R.L. -','TRANSILVANIEI','-','2019-01-01',40.00,2,'B7','-','1'),(-8540704072580446225,'8385','ANDREEA','TARTA',1,4,100,1,'DEJ','0769604226','2018-11-08','\0',7,'BLUE STAR TRADING S.R.L. -','LUCEAFARULUI','3','2019-01-01',26.00,2,'P1','B','21'),(-8445888972739427057,'7767','ELISABETA','KONCZ',1,3,100,1,'GHERLA','0745755893','2018-11-17','\0',5,'Twin Sinergy S.R.L. -','TRANDAFIRILOR','3','2019-01-01',29.00,2,'-','2','25'),(-8405011368109653678,'7856','LUCIAN-FLORIN','POP',2,4,1,1,'GHERLA','-','2018-11-17','\0',5,'Twin Sinergy S.R.L. -','PLUGARILOR','16','2019-01-01',40.00,2,'-','-','17'),(-8380552644952372812,'6693.','ION','MOTOC',1,2,125,15,'MEDGIDIA','0768543432','2018-11-07','\0',6,'SPEDICATO DEBORAH S.R.L -','SIRETULUI','20','2019-01-01',35.00,2,'H','B','12'),(-8338822939654273424,'8419','MARIA','BOJOR',2,4,1,1,'DEJ','-','2018-11-12','\0',7,'BLUE STAR TRADING S.R.L. -','AMURG','3','2019-01-01',35.00,2,'R2','D','78'),(-8304483699367655739,'7721','MARIA','TOPIRCEAN',2,4,1,2,'TEIUS','07571120071','2018-11-05','\0',5,'Twin Sinergy S.R.L. -','DECEBAL','7/1','2019-01-01',40.00,2,'-','-','-'),(-8273505784308939243,'8391','VICTOR','BUJITA',2,4,1,1,'DEJ','0743688823','2018-11-08','\0',7,'BLUE STAR TRADING S.R.L. -','ORIZONT','3','2019-01-01',35.00,2,'D2','D','79'),(-8175130087935228066,'8354','IANOS','SZABO',2,4,1,1,'DEJ','0747774487','2018-11-06','\0',7,'BLUE STAR TRADING S.R.L. -','MIRCEA CEL BATRAN','3','2019-01-01',35.00,2,'N2','A','6'),(-8146395502376760818,'7994','LUCRETIA','OCNEAN',1,1,100,2,'AIUD','0772861070','2018-11-22','\0',5,'Twin Sinergy S.R.L. -','AXENTE SEVER','-','2019-01-01',29.00,2,'23','A','7'),(-8090945569905226847,'7495','MELINDA','TAMAS',1,2,100,1,'DEJ','0751084632','2018-11-05','\0',7,'BLUE STAR TRADING S.R.L. -','MARASESTI','5','2019-01-01',26.00,2,'F1','C','30'),(-8029643803021262119,'6680','EUGENIU','TOMA',1,2,125,15,'MEDGIDIA','0721243172','2018-11-08','\0',6,'SPEDICATO DEBORAH S.R.L -','POPORULUI','39','2019-01-01',35.00,2,'12','A','14'),(-8020431628178667057,'6688.','MARCELA','PURCAREA',1,2,125,15,'MEDGIDIA','0733351845','2018-11-09','\0',6,'SPEDICATO DEBORAH S.R.L -','MARGARITARULUI','29','2019-01-01',35.00,2,'4','A','13'),(-8014437036463141620,'6678','ION','CHIREA',1,2,125,15,'MEDGIDIA','0769256293','2018-11-07','\0',6,'SPEDICATO DEBORAH S.R.L -','DUMITRU CHICOS','3','2019-01-01',35.00,2,'DC4','A','2'),(-8013359404987954698,'8454','MARIANA','LAZAR',2,4,1,1,'GHERLA','0741319305','2018-11-16','\0',7,'BLUE STAR TRADING S.R.L. -','PLUGARILOR','20','2019-01-01',35.00,2,'-','1','8'),(-7991932142954591580,'7956','MARIA','STOICA',2,4,1,2,'OCNA MURES','0725528655','2018-11-13','\0',5,'Twin Sinergy S.R.L. -','1 MAI','41/69','2019-01-01',40.00,2,'-','-','-'),(-7949371096555634598,'8355','ANA','SZABO',1,3,125,1,'DEJ','0747774487','2018-11-06','\0',7,'BLUE STAR TRADING S.R.L. -','MIRCEA CEL BATRAN','5','2019-01-01',29.00,2,'N2','A','6'),(-7934986731760172466,'8273','ELENA','CRISTUREAN',2,4,1,2,'OCNA MURES','0265870545','2018-11-13','\0',4,'Crina Andreea Dumbrevan','HORIA','33','2019-01-01',30.00,2,'-','-','-'),(-7920532067305765317,'7764','GHEORGHE','VESCAN',2,4,1,29,'CHETANI','-','2018-11-16','\0',3,'Richard Berszan','HADARENI','162','2019-01-01',0.00,2,'-','-','-'),(-7903848016522821034,'8356','VASILE','BUBURUZ',1,3,125,1,'DEJ','0723665330','2018-11-06','\0',7,'BLUE STAR TRADING S.R.L. -','MIRCEA CEL BATRAN','5','2019-01-01',29.00,2,'M2','A','5'),(-7872564825310150254,'8449','CATALINA','ROMAN',1,1,50,1,'GHERLA','0771675213','2018-11-15','\0',7,'BLUE STAR TRADING S.R.L. -','LIVIU REBREANU','28','2019-01-01',21.00,2,'-','-','14'),(-7763094702616919725,'8005','GHEORGHE','HOZA',1,3,125,1,'DEJ','0746556475','2018-11-26','\0',5,'Twin Sinergy S.R.L. -','AMURG','3','2019-01-01',32.00,2,'R2','B','38'),(-7742348912300506416,'7869','VASILE','DRAGOS',2,4,1,1,'DEJ','0755839991','2018-11-27','\0',5,'Twin Sinergy S.R.L. -','PETUNIEI','5','2019-01-01',40.00,2,'-','A','14'),(-7655238288365304195,'7725','MIRCEA','LACATUS',2,4,1,2,'OCNA MURES','0753690910','2018-11-06','\0',5,'Twin Sinergy S.R.L. -','INDEPENDENTEI','26/4/79','2019-01-01',40.00,2,'-','-','-'),(-7621528677273547512,'6671','LUCRETIU','IRIMIEA',1,2,150,15,'MEDGIDIA','0728506383','2018-11-05','\0',6,'SPEDICATO DEBORAH S.R.L -','REPUBLICII','76B','2019-01-01',35.00,2,'IC2','A','1'),(-7497524007457700631,'6700','LUMINITA-ANA','RUSU ',1,2,125,15,'MEDGIDIA','0766303046','2018-11-15','\0',6,'SPEDICATO DEBORAH S.R.L -','POPORULUI','1S','2019-01-01',35.00,2,'32','A','12'),(-7493240111872586482,'8487','MARTIN','ZSOLDOS',1,3,125,1,'GHERLA','0748696794','2018-11-21','\0',7,'BLUE STAR TRADING S.R.L. -','FAGULUI','4','2019-01-01',29.00,2,'-','1','19'),(-7492033547526585534,'7962','ILONA','SZAKACS',1,1,75,2,'OCNA MURES','0741646172','2018-11-13','\0',5,'Twin Sinergy S.R.L. -','NICOLAE IORGA','32/25','2019-01-01',23.00,2,'-','-','-'),(-7388926121689135004,'8268','GHEORGHE','OLTEAN',2,4,1,2,'OCNA MURES','0742884936','2018-11-13','\0',4,'Crina Andreea Dumbrevan','HORIA','18','2019-01-01',30.00,2,'-','-','-'),(-7360848380435085645,'8485','STEFAN','BORZASI',2,4,1,1,'GHERLA','0747034453','2018-11-21','\0',7,'BLUE STAR TRADING S.R.L. -','STEJARULUI','10','2019-01-01',35.00,2,'-','3','51'),(-7296887388559817769,'7984','OLIMPIU-AMBROZIE','CHERECHES',1,2,175,1,'FLORESTI','0759012069','2018-11-20','\0',5,'Twin Sinergy S.R.L. -','GHEORGHE DOJA','-','2019-01-01',32.00,2,'X1','-','25E'),(-7246892945097733173,'8366','VASILE','CIMPEAN',1,3,100,1,'DEJ','0746166768','2018-11-07','\0',7,'BLUE STAR TRADING S.R.L. -','ECATERINA TEODOROIU','67','2019-01-01',26.00,2,'-','A','12'),(-7229458546384354940,'7948','CAROL','SZABO',2,3,1,1,'DEJ','0762694596','2018-11-09','\0',5,'Twin Sinergy S.R.L. -','PRIMAVERII','7948','2019-01-01',40.00,2,'-','-','-'),(-7197027330303113301,'7817','VICTORIA','BOJOC',1,1,50,2,'OCNA MURES','0727057994','2018-11-06','\0',5,'Twin Sinergy S.R.L. -','INDEPENDENTEI','26/73','2019-01-01',23.00,2,'-','-','-'),(-7177810327146050942,'6695','NECULAI','FLOREA',1,2,125,15,'MEDGIDIA','0721864115','2018-11-12','\0',6,'SPEDICATO DEBORAH S.R.L -','LUCEAFARULUI','1','2019-01-01',35.00,2,'6','B','14'),(-7172707009402483652,'7755','DOINA','NISTOR',2,4,1,2,'OCNA MURES','0751798375','2018-11-13','\0',5,'Twin Sinergy S.R.L. -','1 MAI','8','2019-01-01',40.00,2,'-','-','-'),(-7159062225917885254,'7759','ELISABETA','NOAGY',2,4,1,29,'CHETANI','-','2018-11-16','\0',5,'Twin Sinergy S.R.L. -','HADARENI','59','2019-01-01',40.00,2,'-','-','-'),(-7106491272214134494,'8369','LASZLO','SIMON',1,3,100,1,'DEJ','0264220586','2018-11-07','\0',7,'BLUE STAR TRADING S.R.L. -','ECATERINA TEODOROIU','71','2019-01-01',26.00,2,'-','A','4'),(-7078517518507554950,'189','TRIFAN','FLORIN-FLAVIUS',1,1,50,30,'PIATRA NEAMT','0720184141','2016-10-19','',3,'Richard Berszan','GRIGORE URECHE','3/G6/A/55','2016-12-01',0.00,2,NULL,NULL,NULL),(-7058740355825381545,'8360','MARIAN','VALSAN',1,2,225,1,'DEJ','-','2018-11-06','\0',7,'BLUE STAR TRADING S.R.L. -','ION POP RETEGANU','3','2019-01-01',29.00,2,'I40','-','24'),(-6998248684764574481,'8272','ELENA','CRISTUREAN',1,1,50,2,'OCNA MURES','0265870545','2018-11-13','\0',4,'Crina Andreea Dumbrevan','HORIA','33','2019-01-01',17.00,2,'-','-','-'),(-6953848704297185733,'7925','NATALIA-MARIA','BERKI',1,1,100,2,'OCNA MURES','0757726420','2018-11-06','\0',5,'Twin Sinergy S.R.L. -','INDEPENDENTEI','26/21','2019-01-01',29.00,2,'-','-','-'),(-6880134971274410207,'8445','VASILE','MACOVEI',1,1,100,1,'GHERLA','0721481740','2018-11-15','\0',7,'BLUE STAR TRADING S.R.L. -','LIVIU REBREANU','30A','2019-01-01',26.00,2,'-','1','13'),(-6857737743864345149,'8278','ANA','DAMIAN',1,1,50,2,'OCNA MURES','-','2018-11-13','\0',4,'Crina Andreea Dumbrevan','BOGDAN PETRICEICU HASDEU','1','2019-01-01',17.00,2,'-','-','-'),(-6800150294401167614,'8395','OTILIA','VASILIU',1,3,75,1,'DEJ','0264213886','2018-11-09','\0',7,'BLUE STAR TRADING S.R.L. -','UNIRII','6','2019-01-01',21.00,2,'-','-','4'),(-6735475915893093293,'8484','AUGUSTIN','MOLDOVAN',2,4,1,1,'GHERLA','0756404882','2018-11-20','\0',7,'BLUE STAR TRADING S.R.L. -','STEJARULUI','10','2019-01-01',35.00,2,'-','3','41'),(-6516262543489547948,'8426','IULIU ALEXANDRU','LEGIAN',1,3,100,1,'GHERLA','0743251105','2018-11-14','\0',7,'BLUE STAR TRADING S.R.L. -','BRAZILOR','4','2019-01-01',26.00,2,'-','1','15'),(-6501450899848016708,'7770','VERONICA','MAROTI',2,4,1,1,'GHERLA','-','2018-11-17','\0',5,'Twin Sinergy S.R.L. -','TRANDAFIRILOR','2','2019-01-01',40.00,2,'-','-','24'),(-6470114753418673869,'7818','GEZA','STOICA',1,2,300,2,'OCNA MURES','0740238831','2018-11-06','\0',5,'Twin Sinergy S.R.L. -','INDEPENDENTEI','26/48','2019-01-01',37.00,2,'-','-','-'),(-6438170132247198327,'6696','GEORGETA','RUGINA',1,2,125,15,'MEDGIDIA','0733782730','2018-11-12','\0',6,'SPEDICATO DEBORAH S.R.L -','DECEBAL','1','2019-01-01',35.00,2,'P1','A','27'),(-6432308583889026510,'8267','SABIN','DAMSA',1,2,150,2,'OCNA MURES','0258870221','2018-11-13','\0',3,'Richard Berszan','HORIA','15','2019-01-01',0.00,2,'-','-','-'),(-6389705851569091772,'7999','MIHAELA','MAXIM',2,4,1,1,'DEJ','0753388321','2018-11-24','\0',5,'Twin Sinergy S.R.L. -','ECATERINA TEODOROIU','67','2019-01-01',40.00,2,'D','A','1'),(-6340227255211441512,'3','1','1',2,2,1,1,'1','5','0001-12-30','\0',1,'Super User','1','1','0003-12-30',2.00,2,'1','1','1'),(-6293496412946676110,'6866','VASILE','POENARU',2,4,1,15,'MEDGIDIA','0727468022','2018-11-06','\0',6,'SPEDICATO DEBORAH S.R.L -','CAMELIILOR','67','2019-01-01',50.00,2,'-','-','-'),(-6264683272353133301,'8448','CATALINA','ROMAN',2,4,1,1,'GHERLA','0771677213','2018-11-15','\0',7,'BLUE STAR TRADING S.R.L. -','LIVIU REBREANU','28','2019-01-01',35.00,2,'-','-','14'),(-6190906418877675528,'8458','DARIE-ANDREI','COVACI',2,4,1,1,'GHERLA','0770488004','2018-11-17','\0',7,'BLUE STAR TRADING S.R.L. -','SILIVAS','59','2019-01-01',35.00,2,'-','-','-'),(-6152804933365446768,'8390','VICTOR','BUJITA',1,3,75,1,'DEJ','0743688823','2018-11-08','\0',7,'BLUE STAR TRADING S.R.L. -','ORIZONT','3','2019-01-01',21.00,2,'D2','D','79'),(-6142737933074216539,'8470','FRANCISC','SZONYI',2,4,1,1,'GHERLA','0757636831','2018-11-19','\0',7,'BLUE STAR TRADING S.R.L. -','FRASINULUI','1','2019-01-01',35.00,2,'-','4','59'),(-6126289891038114592,'90','TRIFAN','FLORIN-FLAVIUS',1,1,400,30,'PIATRA NEAMT','0720184141','2016-10-18','',3,'Richard Berszan','GRIGORE URECHE','3/G6/A/55','2016-12-01',0.00,2,NULL,NULL,NULL),(-6016744460783628913,'7862','IOAN-VASILE','LUKACS',2,4,1,1,'DEJ','0741043247','2018-11-24','\0',5,'Twin Sinergy S.R.L. -','ECATERINA TEODOROIU','61','2019-01-01',40.00,2,'C','-','2'),(-5861227128768936465,'6675','VASILICA-MARIAN','ECHIMESCU',1,2,250,15,'MEDGIDIA','0722236608','2018-11-06','\0',6,'SPEDICATO DEBORAH S.R.L -','DUMITRU CHICOS','7','2019-01-01',35.00,2,'DC2','B','30'),(-5811751949355301956,'7494','MELINDA','TAMAS',2,4,1,1,'DEJ','-','2018-11-05','\0',7,'BLUE STAR TRADING S.R.L. -','MARASESTI','5','2019-01-01',35.00,2,'F1','C','30'),(-5791639597084292420,'8474','VIORICA','LUCACIU',2,4,1,1,'GHERLA','0774401383','2018-11-19','\0',7,'BLUE STAR TRADING S.R.L. -','FRASINULUI','1','2019-01-01',35.00,2,'-','4','54'),(-5747870713702167260,'7981','ALINA-NATALIA','SUCIU',2,4,1,1,'DEJ','-','2018-11-19','\0',5,'Twin Sinergy S.R.L. -','1 MAI','182','2019-01-01',40.00,2,'F','C','88'),(-5694266424198607045,'8362','CATALINA','ROGOJAN',2,4,1,1,'DEJ','-','2018-11-06','\0',7,'BLUE STAR TRADING S.R.L. -','URSULUI','6','2019-01-01',35.00,2,'-','-','-'),(-5586166379533873943,'7496','VIORICA','SAVA',1,3,125,1,'DEJ','0763697936','2018-11-06','\0',7,'BLUE STAR TRADING S.R.L. -','ION POP RETEGANU','3','2019-01-01',29.00,2,'I40','C','30'),(-5563402810637334477,'8435','IUDIT','MOLDOVAN',1,3,100,1,'GHERLA','0752996086','2018-11-15','\0',7,'BLUE STAR TRADING S.R.L. -','TRANDAFIRILOR','2','2019-01-01',26.00,2,'-','1','6'),(-5515052362362106594,'8404','ILEANA','POP',2,4,1,1,'DEJ','0748896065','2018-11-09','\0',7,'BLUE STAR TRADING S.R.L. -','UNIRII','12','2019-01-01',35.00,2,'-','-','13'),(-5514845514449729955,'7919','ANA-MARIA','CIRPACIU',1,1,75,2,'OCNA MURES','0772058081','2018-11-06','\0',5,'Twin Sinergy S.R.L. -','INFRATIRII','1','2019-01-01',23.00,2,'-','-','-'),(-5443950340543590876,'8443','MARIANA-ECATERINA','BOCHIS',2,4,1,1,'GHERLA','0726109921','2018-11-15','\0',7,'BLUE STAR TRADING S.R.L. -','VICTORIEI','4/A','2019-01-01',35.00,2,'-','1','16'),(-5396115156690254894,'7485','CONSTANTIN','HASA',2,4,1,1,'DEJ','-','2018-11-05','\0',7,'BLUE STAR TRADING S.R.L. -','22 DECEMBRIE 1989','1-2','2019-01-01',35.00,2,'-','B','22'),(-5367207273196075998,'7747','ALEXANDRU','TAMAS',1,2,150,2,'OCNA MURES','-','2018-11-12','\0',5,'Twin Sinergy S.R.L. -','BRAZILOR','33/16','2019-01-01',32.00,2,'-','-','-'),(-5359763536606969056,'6672','CORNELIE','CAITAS',1,2,125,15,'MEDGIDIA','0728506383','2018-11-05','\0',6,'SPEDICATO DEBORAH S.R.L -','REPUBLICII','76B','2019-01-01',35.00,2,'IC2','A','16'),(-5344468979949025906,'7947','CAROL','SZABO',1,2,150,1,'DEJ','0762694596','2018-11-09','\0',5,'Twin Sinergy S.R.L. -','PRIMAVERII','2/A/A/17','2019-01-01',32.00,2,'-','-','-'),(-5301869214484446735,'89','BERSAN','PETER',1,1,250,22,'TULGHES','0770122380','2016-10-18','',3,'Richard Berszan','SAT.TULGHES','548','2016-12-01',0.00,2,NULL,NULL,NULL),(-5279415107312795447,'8432','ANA MIHAELA','MORCOZAN',2,4,1,1,'GHERLA','0758427458','2018-11-15','\0',7,'BLUE STAR TRADING S.R.L. -','BRAZILOR','11','2019-01-01',35.00,2,'-','2','21'),(-5275963068562847992,'7860','SIGHISMUND','SUTO',1,2,175,2,'CIUMBRUD','0721354612','2018-11-22','\0',5,'Twin Sinergy S.R.L. -','SLAVIEI','52','2019-01-01',32.00,2,'-','-','-'),(-5254821024224426103,'8468.','PETRE','LOSONTI',1,1,100,1,'GHERLA','0752477926','2018-11-19','\0',7,'BLUE STAR TRADING S.R.L. -','FRASINULUI','1','2019-01-01',26.00,2,'-','4','53'),(-5213227435929678214,'7734','VICTOR','OLTEAN',1,1,50,2,'TEIUS','0747258367','2018-11-07','\0',5,'Twin Sinergy S.R.L. -','OCTAVIAN GOGA','G1/3/41','2019-01-01',23.00,2,'-','-','-'),(-5197773982421725395,'7940','MARIOARA','ILIES',1,1,50,1,'DEJ','0747764500','2018-11-08','\0',5,'Twin Sinergy S.R.L. -','ORIZONT','3/D2/C/41','2019-01-01',23.00,2,'-','-','-'),(-5128362170435615631,'8466','ANA','OLASUTEAN',2,4,1,1,'GHERLA','0364888405','2018-11-19','\0',7,'BLUE STAR TRADING S.R.L. -','FRASINULUI','1','2019-01-01',35.00,2,'-','4','49'),(-5128135555824988487,'7823','AUREL','VLAIC',1,1,50,2,'ALBA IULIA','0749862882','2018-11-07','\0',5,'Twin Sinergy S.R.L. -','CONSTRUCTORILOR','17/A1/20','2019-01-01',23.00,2,'-','-','-'),(-5037986184916088953,'7748','VALERIA','ROSCA',1,1,100,2,'OCNA MURES','0740301470','2018-11-12','\0',5,'Twin Sinergy S.R.L. -','1 MAI','39/9','2019-01-01',29.00,2,'-','-','-'),(-5015553076597014475,'7842','MARIA','PORUMB',1,1,100,1,'LUNA','0745819511','2018-11-16','\0',5,'Twin Sinergy S.R.L. -','LUNCANI','246','2019-01-01',29.00,2,'-','-','-'),(-5005386205302666418,'8402','ANA','CRISTE',2,4,1,1,'DEJ','0264214268','2018-11-09','\0',7,'BLUE STAR TRADING S.R.L. -','UNIRII','12','2019-01-01',35.00,2,'B4','A','1'),(-4985024132357142581,'7757','GABRIELA','CONSTANTINESCU',2,4,1,2,'OCNA MURES','0737123940','2018-11-13','\0',5,'Twin Sinergy S.R.L. -','NICOLAE IORGA','32/39','2019-01-01',40.00,2,'-','-','-'),(-4887150163400964877,'7745','ATILA','SZEKELY',2,4,1,2,'OCNA MURES','0745336374','2018-11-12','\0',5,'Twin Sinergy S.R.L. -','BRAZILOR','33/4','2019-01-01',40.00,2,'-','-','-'),(-4880156674358818161,'8411','AUGUSTIN','MURESAN',1,3,125,1,'DEJ','0740772354','2018-11-12','\0',7,'BLUE STAR TRADING S.R.L. -','ECATERINA TEODOROIU','30/A','2019-01-01',29.00,2,'-','B','13'),(-4850278794342281283,'8503','LUCRETIA','PACURAR',1,1,50,1,'GHERLA','-','2018-11-17','\0',3,'Richard Berszan','APEI','2','2019-01-01',0.00,2,'-','1','7'),(-4707421928005810937,'7928','CORNEL','PUSCAS',2,4,1,2,'OCNA MURES','-','2018-11-06','\0',5,'Twin Sinergy S.R.L. -','INDEPENDENTEI','27/A/18','2019-01-01',40.00,2,'-','-','-'),(-4545813601544093115,'7751','IOAN','TOVISI',1,2,150,2,'OCNA MURES','0747045823','2018-11-12','\0',5,'Twin Sinergy S.R.L. -','1 MAI','39/12','2019-01-01',32.00,2,'-','-','-'),(-4514853565443127090,'7989','GICA','TAT',2,4,1,2,'AIUD','0766366949','2018-11-22','\0',5,'Twin Sinergy S.R.L. -','AXENTE SEVER','-','2019-01-01',40.00,2,'21','A','20'),(-4429830164487516593,'6677.','AUREL','CALIN',2,4,1,15,'MEDGIDIA','0727823347','2018-11-09','\0',6,'SPEDICATO DEBORAH S.R.L -','MARGARITARULUI','31','2019-01-01',50.00,2,'F','A','4'),(-4422784898148643389,'7859','SIGISMUND','SUTO',2,4,1,2,'CIUMBRUD','0721354012','2018-11-22','\0',5,'Twin Sinergy S.R.L. -','SALVIEI','52','2019-01-01',40.00,2,'-','-','-'),(-4417985106550764735,'6676','VASILE','POENARU',1,2,125,15,'MEDGIDIA','0727468022','2018-11-06','\0',6,'SPEDICATO DEBORAH S.R.L -','CAMELIILOR','67','2019-01-01',35.00,2,'-','-','-'),(-4380109280073397769,'7487','ANNA','ITT',2,4,1,1,'DEJ','0755651659','2018-11-05','\0',7,'BLUE STAR TRADING S.R.L. -','22 DECEMBRIE','8','2019-01-01',35.00,2,'-','-','3'),(-4358482086242726995,'6684','NECULAI','FLOREA',2,4,1,15,'MEDGIDIA','0771864115','2018-11-12','\0',6,'SPEDICATO DEBORAH S.R.L -','LUCEAFARULUI','1','2019-01-01',50.00,2,'6','B','14'),(-4192755461175162540,'6691.','VALENTIN','CERBANESCU',1,2,300,15,'MEDGIDIA','0727054979','2018-11-07','\0',6,'SPEDICATO DEBORAH S.R.L -','MARGARITARULUI','24','2019-01-01',40.00,2,'2','A','2'),(-4142312556640779600,'7867','IOAN','VADEAN',1,3,75,1,'DEJ','0758602417','2018-11-24','\0',5,'Twin Sinergy S.R.L. -','ECATERINA TEODOROIU','67','2019-01-01',23.00,2,'D','B','26'),(-4062658486229712698,'7960','DORINA-DANIELA','CIUNGRADI',1,2,150,2,'OCNA MURES','0749759446','2018-11-13','\0',5,'Twin Sinergy S.R.L. -','1 MAI','41/68','2019-01-01',32.00,2,'-','-','-'),(-4013284547648731692,'6703','MARIA','GHEORGHE',1,2,125,15,'MEDGIDIA','076919757','2018-11-16','\0',6,'SPEDICATO DEBORAH S.R.L -','POPORULUI','5','2019-01-01',35.00,2,'34','-','12'),(-4000187869549606087,'7718','ION','BOISOREANU',1,1,50,2,'SINTIMBRU','0742693574','2018-11-05','\0',5,'Twin Sinergy S.R.L. -','SINTIMBRU','S6/33','2019-01-01',23.00,2,'-','-','-'),(-3960607486659312120,'7972','ILINA','FLUIERAS',1,1,75,29,'CHETANI','0758612327','2018-11-16','\0',5,'Twin Sinergy S.R.L. -','HADARENI','62','2019-01-01',23.00,2,'-','-','-'),(-3946474704088972597,'6706','MARIA','STOICA',1,2,125,15,'MEDGIDIA','0764497155','2018-11-12','\0',6,'SPEDICATO DEBORAH S.R.L -','LUCEAFARULUI','2','2019-01-01',35.00,2,'5','C','16'),(-3935313348001314448,'8455','MARIANA','LAZAR',1,2,125,1,'GHERLA','0741319305','2018-11-16','\0',7,'BLUE STAR TRADING S.R.L. -','PLUGARILOR','20','2019-01-01',29.00,2,'-','1','8'),(-3870505787309472573,'8415','LUCRETIA','STANCU',2,4,1,1,'DEJ','0743118005','2018-11-12','\0',7,'BLUE STAR TRADING S.R.L. -','LUCEAFARULUI','74','2019-01-01',35.00,2,'-','A','-9'),(-3758692792744524152,'7490.','ELENA-FELICIA','SIGHEARTAU',1,2,100,1,'DEJ','0264212732','2018-11-05','\0',7,'BLUE STAR TRADING S.R.L. -','22 DECEMBRIE','8','2019-01-01',26.00,2,'-','-','16'),(-3733379911949336028,'6876','NICOLAE','FLOAREA',2,4,1,15,'MEDGIDIA','0755212433','2018-11-09','\0',6,'SPEDICATO DEBORAH S.R.L -','MARGARITARULUI','31','2019-01-01',50.00,2,'F','-','6'),(-3729620684717470387,'8444','VASILE','MACOVEI',2,4,1,1,'GHERLA','0721481740','2018-11-15','\0',7,'BLUE STAR TRADING S.R.L. -','LIVIU REBREANU','30A','2019-01-01',35.00,2,'-','1','13'),(-3699991302253690725,'8434','IUDIT','MOLDOVAN',2,4,1,1,'GHERLA','0752996086','2018-11-15','\0',7,'BLUE STAR TRADING S.R.L. -','TRANDAFIRILOR','2','2019-01-01',35.00,2,'-','1','6'),(-3696255727051518196,'6873','NICOLAE','CONSTANTIN',2,4,1,15,'MEDGIDIA','0762097928','2018-11-08','\0',6,'SPEDICATO DEBORAH S.R.L -','POPORULUI','19','2019-01-01',50.00,2,'P11','A','9'),(-3685467618856908501,'8407','ELENA','TOMSA',2,4,1,1,'DEJ','0264212876','2018-11-09','\0',7,'BLUE STAR TRADING S.R.L. -','AMURG','3','2019-01-01',35.00,2,'-','B','26'),(-3657005222099269712,'7849','TRAIAN','GHERMAN	',2,4,1,1,'DEJ','0755636890','2018-11-19','\0',5,'Twin Sinergy S.R.L. -','1 MAI','182/F/32','2019-01-01',40.00,2,'-','-','-'),(-3655451355426895780,'7976','EUGENIA-LINA','KOVACS',2,4,1,1,'DEJ','0754345205','2018-11-17','\0',5,'Twin Sinergy S.R.L. -','1 MAI','182C','2019-01-01',40.00,2,'F','B','10'),(-3634159970544499827,'8414','LIVIU','DASCAL',2,4,1,1,'DEJ','0762457162','2018-11-12','\0',7,'BLUE STAR TRADING S.R.L. -','ECATERINA TEODOROIU','34/A','2019-01-01',35.00,2,'-','A','1'),(-3554544367845554894,'8399','MARIA','SZILAGHI',2,4,1,1,'DEJ','0760762000','2018-11-12','\0',7,'BLUE STAR TRADING S.R.L. -','LUCEAFARULUI','7','2019-01-01',35.00,2,'B5','A','7'),(-3461194591163954712,'8490','EUGENIE','PAVEL',1,3,75,1,'GHERLA','-','2018-11-21','\0',7,'BLUE STAR TRADING S.R.L. -','STEJARULUI','8','2019-01-01',21.00,2,'-','1','18'),(-3423717969695125996,'7917.','VALERIA-MARIA','ALOMAN',1,1,100,2,'SINTIMBRU','0742203223','2018-11-05','\0',5,'Twin Sinergy S.R.L. -','SINTIMBRU','S3/10','2019-01-01',29.00,2,'-','-','-'),(-3396707684846776767,'8388','MARIUS','LAZAR',2,4,1,1,'DEJ','0741140279','2018-11-08','\0',7,'BLUE STAR TRADING S.R.L. -','ORIZONT','3','2019-01-01',35.00,2,'D2','-','94'),(-3361141556123253735,'6679.','CONSTANTIN','BOLBARICI',1,2,150,15,'MEDGIDIA','0764952208','2018-11-08','\0',6,'SPEDICATO DEBORAH S.R.L -','POPORULUI','45','2019-01-01',35.00,2,'3','A','14'),(-3306684078875918099,'8453','IOAN','CHEZAN',2,4,1,1,'GHERLA','0746564838','2018-11-16','\0',7,'BLUE STAR TRADING S.R.L. -','PLUGARILOR','16','2019-01-01',35.00,2,'-','1','14'),(-3269732320067304437,'7998','VALERIA','BOERIU',1,3,75,1,'DEJ','0264212605','2018-11-24','\0',5,'Twin Sinergy S.R.L. -','ECATERINA TEODOROIU','63','2019-01-01',23.00,2,'-','-','5'),(-3249778039662163021,'7857','GHEORGHE','GARDA',2,4,1,1,'FLORESTI','0742968883','2018-11-20','\0',5,'Twin Sinergy S.R.L. -','GHEORGHE DOJA','-','2019-01-01',40.00,2,'1','-','12'),(-3245611724674610202,'6683','IONEL','STOIAN',2,4,1,15,'MEDGIDIA','0766235954','2018-11-08','\0',6,'SPEDICATO DEBORAH S.R.L -','SIRETULUI','24','2019-01-01',50.00,2,'2FC','B','12'),(-3239991810992944776,'7959','VASILE','GHERMAN',1,1,100,2,'OCNA MURES','0740210554','2018-11-13','\0',5,'Twin Sinergy S.R.L. -','1 MAI','41/4/73','2019-01-01',29.00,2,'-','-','-'),(-3209919833106855319,'7950','SIDONIA','MARINA',2,4,1,2,'OCNA MURES','0751231417','2018-11-12','\0',5,'Twin Sinergy S.R.L. -','NICOLAE IORGA','40/A/2/7','2019-01-01',40.00,2,'-','-','-'),(-3172269070684436160,'6863','IVANA','DOSPIN',2,4,1,15,'MEDGIDIA','034652685175','2018-11-05','\0',6,'SPEDICATO DEBORAH S.R.L -','REPUBLICII','74D','2019-01-01',50.00,2,'IC4','A','30'),(-3145022995173259305,'6865','VASILICA-MARIAN','ECHIMESCU',2,4,1,15,'MEDGIDIA','0722236608','2018-11-06','\0',6,'SPEDICATO DEBORAH S.R.L -','DUMITRU CHICOS','7','2019-01-01',50.00,2,'DC2','B','30'),(-3125257654516890680,'8482','EMIL','MALUTAN',1,3,100,1,'GHERLA','0743050693','2018-11-20','\0',7,'BLUE STAR TRADING S.R.L. -','STEJARULUI','10','2019-01-01',26.00,2,'-','2','29'),(-3061900732959801282,'8265','VIORICA','MOROVAN',1,1,75,2,'OCNA MURES','0726263226','2018-11-13','\0',4,'Crina Andreea Dumbrevan','HORIA','5','2019-01-01',17.00,2,'-','-','-'),(-3058072029019028934,'7736','STEFAN','MARIAN',1,2,250,2,'TEIUS','0758992353','2018-11-07','\0',5,'Twin Sinergy S.R.L. -','CRINULUI','8','2019-01-01',32.00,2,'-','-','-'),(-3022187640853741248,'6678.','MARCELA','PURCAREA',2,4,1,15,'MEDGIDIA','0733351845','2018-11-09','\0',6,'SPEDICATO DEBORAH S.R.L -','MARGARITARULUI','29','2019-01-01',50.00,2,'4','A','13'),(-3000473819249816385,'7826','AURELIA','FILIP',1,1,75,1,'DEJ','0748054686','2018-11-08','\0',5,'Twin Sinergy S.R.L. -','DEALUL ROZELOR','11/B/15','2019-01-01',23.00,2,'-','-','-'),(-2990654959917317438,'8276','MARIUS','POPA',2,4,1,2,'OCNA MURES','0749687037','2018-11-13','\0',3,'Richard Berszan','HORIA','57','2019-01-01',0.00,2,'-','-','-'),(-2866051758444230339,'8457','IUDITH-ANNAMARIA','OLTEAN',1,1,100,1,'GHERLA','0742854791','2018-11-16','\0',7,'BLUE STAR TRADING S.R.L. -','VICTORIEI','13','2019-01-01',26.00,2,'-','1','7'),(-2828666287482581878,'8483','AUGUSTIN','MOLDOVAN',1,3,100,1,'GHERLA','0756404882','2018-11-20','\0',7,'BLUE STAR TRADING S.R.L. -','STEJARULUI','10','2019-01-01',26.00,2,'-','3','41'),(-2777983562663376893,'6697','LAURENTIU','NEGRUT',1,2,125,15,'MEDGIDIA','0760402181','2018-11-14','\0',6,'SPEDICATO DEBORAH S.R.L -','POPORULUI','1','2019-01-01',35.00,2,'LS2','A','2'),(-2746435165547573319,'7950.','EUGENIA','VAIDA',1,3,125,1,'DEJ','0757214927','2018-11-09','\0',5,'Twin Sinergy S.R.L. -','TOMIS','8/G2/A/15','2019-01-01',32.00,2,'-','-','-'),(-2726719273673405411,'7946','AUREL','BORZASI',1,3,75,1,'DEJ','0747419360','2018-11-09','\0',5,'Twin Sinergy S.R.L. -','ORIZONT','8/H1/A/13','2019-01-01',23.00,2,'-','-','-'),(-2723943546203519802,'7942','CAROL','SOCACI',1,2,175,1,'DEJ','07238862820','2018-11-08','\0',5,'Twin Sinergy S.R.L. -','ORIZONT','10/S4/B/23','2019-01-01',32.00,2,'-','-','-'),(-2678110465691530399,'8427','ANA MIHAELA','MORCOZAN',1,3,100,1,'GHERLA','0744567150','2018-11-14','\0',7,'BLUE STAR TRADING S.R.L. -','BRAZILOR','11','2019-01-01',26.00,2,'-','2','21'),(-2636377616853284707,'8463','VASILE','BUNEA',2,4,1,1,'GHERLA','0770745450','2018-11-19','\0',7,'BLUE STAR TRADING S.R.L. -','STEJARULUI','12','2019-01-01',35.00,2,'-','1','6'),(-2627392342449565848,'7484','ELENA','MASA',1,3,75,1,'DEJ','0722236008','2018-11-05','\0',7,'BLUE STAR TRADING S.R.L. -','22 DECEMBRIE','1-2','2019-01-01',21.00,2,'-','B','22'),(-2611097928631564167,'7917','NICOLETA','SZILAGY',2,4,1,2,'TEIUS','0755684620','2018-11-05','\0',5,'Twin Sinergy S.R.L. -','DECEBAL','7/A/4/19','2019-01-01',40.00,2,'-','-','-'),(-2574528816456711310,'7828','VASILE','STUPAR',2,4,1,1,'DEJ','-','2018-11-08','\0',5,'Twin Sinergy S.R.L. -','ORIZONT','10/S4/C/58','2019-01-01',40.00,2,'-','-','-'),(-2444929576758328870,'8506','GHEORGHE','POP',1,1,100,1,'GHERLA','0749126581','2018-11-17','\0',3,'Richard Berszan','GIRLEI','21','2019-01-01',0.00,2,'-','1','11'),(-2360023525827392358,'8495','ELVIRA','FELFALUSI',2,4,1,1,'GHERLA','0264243683','2018-11-21','\0',7,'BLUE STAR TRADING S.R.L. -','STEJARULUI','8','2019-01-01',35.00,2,'-','3','57'),(-2294803302199570931,'6701','IONEL','ANTON',1,2,150,15,'MEDGIDIA','0723525319','2018-11-16','\0',6,'SPEDICATO DEBORAH S.R.L -','POPORULUI','3A','2019-01-01',35.00,2,'37','A','9'),(-2277195607270470258,'7987','SALOMIA-LACRAMIOARA','BALOG',1,2,175,1,'FLORESTI','0721567651','2018-11-21','\0',5,'Twin Sinergy S.R.L. -','EROILOR','168','2019-01-01',32.00,2,'C1','-','24'),(-2225211209487858156,'8372','NICOLAE','RUS',2,4,1,1,'DEJ','-','2018-11-07','\0',7,'BLUE STAR TRADING S.R.L. -','ECATERINA TEODOROIU','71','2019-01-01',35.00,2,'E','-','8'),(-2214255782677427399,'7918','VALERIA-MARIA','ALOMAN',2,4,1,2,'SINTIMBRU','0742203223','2018-11-05','\0',5,'Twin Sinergy S.R.L. -','SINTIMBRU','S3/10','2019-01-01',40.00,2,'-','-','-'),(-2186648854276586447,'7763','GHEORGHE','VESCAN',1,1,50,29,'CHETANI','-','2018-11-16','\0',3,'Richard Berszan','HADARENI','162','2019-01-01',0.00,2,'-','-','-'),(-2180788626074742957,'8479','SUSANA','CZEGER',2,4,1,1,'GHERLA','0728968548','2018-11-20','\0',7,'BLUE STAR TRADING S.R.L. -','STEJARULUI','10','2019-01-01',35.00,2,'-','1','8'),(-2121990229346138776,'8370','LASZLO','SIMON',2,4,1,1,'DEJ','0264220586','2018-11-07','\0',7,'BLUE STAR TRADING S.R.L. -','ECATERINA TEODOROIU','71','2019-01-01',35.00,2,'-','A','4'),(-2079767527318536151,'7975','EUGENIA-LINA','KOVACS',1,1,125,1,'DEJ','0754345305','2018-11-17','\0',5,'Twin Sinergy S.R.L. -','1 MAI','182C','2019-01-01',32.00,1,'F','B','110'),(-2071886160408720252,'7493','ELENA-FELICIA','SIGHEARTAU',2,4,1,1,'DEJ','0264212732','2018-11-05','\0',7,'BLUE STAR TRADING S.R.L. -','22 DECEMBRIE','8','2019-01-01',35.00,2,'-','-','16'),(-2017889548611206223,'7914','MATEI','LIVADA',1,1,100,2,'SINTIMBRU','-','2018-11-05','\0',5,'Twin Sinergy S.R.L. -','SINTIMBRU','S6/26','2019-01-01',29.00,2,'-','-','-'),(-2014373087049726368,'6688','DANIEL','RUSU',2,4,1,15,'MEDGIDIA','0766303046','2018-11-15','\0',6,'SPEDICATO DEBORAH S.R.L -','POPORULUI','1S','2019-01-01',50.00,2,'32','A','12'),(-2008271527371585496,'7924','TIBERIU','BOGOSI',2,4,1,2,'OCNA MURES','0771619099','2018-11-06','\0',5,'Twin Sinergy S.R.L. -','INDEPENDENTEI','26/28','2019-01-01',40.00,2,'-','-','-'),(-1853175497177020206,'7499','IOAN','CIMPEAN',1,3,125,1,'DEJ','0766978203','2018-11-06','\0',7,'BLUE STAR TRADING S.R.L. -','ION POP RETEGANU','3','2019-01-01',29.00,2,'I40','-','12'),(-1845745201981733159,'7827','IOSIF','IANOS',1,2,200,1,'DEJ','0364423320','2018-11-08','\0',5,'Twin Sinergy S.R.L. -','ORIZONT','10/S4/18','2019-01-01',32.00,2,'-','-','-'),(-1814891952930863098,'8409','LIVIU','GINGA',1,3,100,1,'DEJ','0753792323','2018-11-12','\0',7,'BLUE STAR TRADING S.R.L. -','1 MAI','39','2019-01-01',26.00,2,'L20','-','15'),(-1578269838987408751,'8377','ANA','BORZAN',1,3,125,1,'DEJ','0746244818','2018-11-07','\0',7,'BLUE STAR TRADING S.R.L. -','GHIOCEILOR','2','2019-01-01',29.00,2,'EC','B','22'),(-1565210738912837274,'7952','EMIL','ALEXA',2,4,1,2,'OCNA MURES','-','2018-11-12','\0',5,'Twin Sinergy S.R.L. -','INDEPENDENTEI','42/C/1/8','2019-01-01',40.00,2,'-','-','-'),(-1438511971435591222,'7863','IOAN-VASILE','LUKACS',1,3,75,1,'DEJ','0741043247','2018-11-24','\0',5,'Twin Sinergy S.R.L. -','ECATERINA TEODOROIU','61','2019-01-01',23.00,2,'C','-','3'),(-1394613913672659566,'8000','MIHAELA','MAXIM',1,3,125,1,'DEJ','0753388321','2018-11-24','\0',5,'Twin Sinergy S.R.L. -','ECATERINA TEODOROIU','67','2019-01-01',32.00,2,'D','A','1'),(-1282088833634909777,'7983','ZOLTAN ERNO','GABOR',2,4,1,1,'FLORESTI','0757488868','2018-11-20','\0',5,'Twin Sinergy S.R.L. -','GHEORGHE DOJA','-','2019-01-01',40.00,2,'Y1','-','6'),(-1239142725176309684,'7974','ILEANA','SUCIU',2,4,1,29,'CHETANI','0744924105','2018-11-16','\0',5,'Twin Sinergy S.R.L. -','HADARENI','172','2019-01-01',40.00,2,'-','-','-'),(-1173209208104464675,'8397','FIMICA','DEAC',2,4,1,1,'DEJ','0757921828','2018-11-09','\0',7,'BLUE STAR TRADING S.R.L. -','UNIRII','6','2019-01-01',35.00,2,'A8','-','7'),(-1023529455045621627,'8281','MARTA','CSEH',1,1,50,2,'OCNA MURES','0741760469','2018-11-13','\0',3,'Richard Berszan','BOGDAN PETRICEICU HASDEU','1','2019-01-01',0.00,2,'-','-','-'),(-954073168244554742,'7746','IULIANA','SZEKELY',1,2,200,2,'OCNA MURES','0745336374','2018-11-12','\0',5,'Twin Sinergy S.R.L. -','BRAZILOR','33/4','2019-01-01',32.00,2,'-','-','-'),(-951013567771685740,'7969','ALINA-LACRAMIOARA','NECHIFOR',2,4,1,1,'BACIU','0724289815','2018-11-15','\0',5,'Twin Sinergy S.R.L. -','TRANDAFIRILOR','4','2019-01-01',40.00,2,'A','-','2'),(-944042914109306549,'7728','SIMION','DAROSI',2,4,1,2,'OCNA MURES','0745050520','2018-11-06','\0',5,'Twin Sinergy S.R.L. -','INDEPENDENTEI','-','2019-01-01',40.00,2,'26','3','43'),(-930511602593151557,'8371','MARIA','RUS',1,3,50,1,'DEJ','-','2018-11-07','\0',7,'BLUE STAR TRADING S.R.L. -','ECATERINA TEODOROIU','71','2019-01-01',21.00,2,'E','-','8'),(-902287027174356729,'8450','CSILLA-KINGA','BALLA',1,2,125,1,'LACU','0758893499','2018-11-16','\0',7,'BLUE STAR TRADING S.R.L. -','GEACA','60','2019-01-01',29.00,2,'-','-','-'),(-901588871753807051,'8465','ILEANA','TOFENI',1,1,100,1,'GHERLA','0756933107','2018-11-19','\0',7,'BLUE STAR TRADING S.R.L. -','STEJARULUI','12','2019-01-01',26.00,2,'-','2','33'),(-804831285302704504,'7498','IOAN','CIMPEAN',2,4,1,1,'DEJ','0766978703','2018-11-06','\0',7,'BLUE STAR TRADING S.R.L. -','ION POP RETEGANU','3','2019-01-01',35.00,2,'I40','-','12'),(-798432634906391244,'7992','IOAN','MOCIAN',1,1,75,2,'AIUD','0737104778','2018-11-22','\0',5,'Twin Sinergy S.R.L. -','AXENTE SEVER','-','2019-01-01',23.00,2,'23','A','6'),(-787892007114750813,'8425','IULIU ALEXANDRU','LEGIAN',2,4,1,1,'GHERLA','0743251105','2018-11-14','\0',7,'BLUE STAR TRADING S.R.L. -','BRAZILOR','4','2019-01-01',35.00,2,'-','1','15'),(-659215077973474702,'6861','LUCRETIU','IRIMIEA',2,4,1,15,'MEDGIDIA','0728506383','2018-11-05','\0',6,'SPEDICATO DEBORAH S.R.L -','REPUBLICII','76B','2019-01-01',50.00,2,'IC2','A','1'),(-637560264250146741,'8374','STEFAN','SECHEREAN',2,4,1,1,'DEJ','0732804474','2018-11-07','\0',7,'BLUE STAR TRADING S.R.L. -','GHIOCEILOR','2','2019-01-01',35.00,2,'E2','A','5'),(-626552571496739068,'6674','MARIA','VARTOLOMEI',1,2,125,15,'MEDGIDIA','0734067920','2018-11-06','\0',6,'SPEDICATO DEBORAH S.R.L -','ION CREANGA','1A','2019-01-01',35.00,2,'IC5','-','38'),(-604251149955150884,'7774','GABRIELA-MONICA','PIGLISAN',1,2,150,1,'DEJ','0741514268','2018-11-19','\0',5,'Twin Sinergy S.R.L. -','1 MAI','182C','2019-01-01',32.00,2,'-','B','60'),(-541314585097976655,'6702','ION','STAMATE',1,2,125,15,'MEDGIDIA','0728255823','2018-11-16','\0',6,'SPEDICATO DEBORAH S.R.L -','POPORULUI','3A','2019-01-01',35.00,2,'37','A','8'),(-500600565680682553,'8486','STEFAN','BORZASI',1,3,100,1,'GHERLA','0747034453','2018-11-21','\0',7,'BLUE STAR TRADING S.R.L. -','STEJARULUI','10','2019-01-01',26.00,2,'-','3','51'),(-452056169584178187,'2447','TRIFAN','GHEORGHE',2,4,1,30,'PIATRA NEAMT','0720184141','2016-10-20','',3,'Richard Berszan','DIMITRIE LEONIDA','107/D2/A/2','2016-12-01',0.00,2,NULL,NULL,NULL),(-416504470223697245,'7858','OLIMPIU-AMBROZIE','CHERECHES',2,4,1,1,'FLORESTI','0759012069','2018-11-20','\0',5,'Twin Sinergy S.R.L. -','GHEORGHE DOJA','-','2019-01-01',40.00,2,'X1','-','25E'),(-412500873785556073,'6864','MARIA','VARTOLOMEI',2,4,1,15,'MEDGIDIA','0734067920','2018-11-06','\0',6,'SPEDICATO DEBORAH S.R.L -','ION CREANGA','1A','2019-01-01',50.00,2,'IC5','-','38'),(-386419262116770069,'7938','MARIA','PINTEA',1,2,225,1,'DEJ','0748195356','2018-11-08','\0',5,'Twin Sinergy S.R.L. -','ORIZONT','10','2019-01-01',32.00,2,'S4','-','3'),(-385439635936950492,'7995','IOAN','RADU',2,4,1,2,'AIUD','0748803408','2018-11-23','\0',5,'Twin Sinergy S.R.L. -','GHEORGHE DOJA','10','2019-01-01',40.00,2,'-','-','-'),(-321891800399591845,'8353','MARIA','POP',1,3,100,1,'DEJ','0766690457','2018-11-06','\0',7,'BLUE STAR TRADING S.R.L. -','ION POP RETEGANU','1','2019-01-01',26.00,2,'H','-','56'),(-295408112562189096,'7760','ZITA','NOGY',2,4,1,29,'CHETANI','0755914327','2018-11-16','\0',5,'Twin Sinergy S.R.L. -','HADARENI','68','2019-01-01',40.00,2,'-','-','-'),(-252771991578195353,'8476','OLIVIA','CAMPEAN',2,4,1,1,'GHERLA','0774401383','2018-11-19','\0',7,'BLUE STAR TRADING S.R.L. -','FRASINULUI','1','2019-01-01',35.00,2,'-','-','50'),(-232732448390558134,'6687','GHEORGHE','MIRICA',2,4,1,15,'MEDGIDIA','0743468327','2018-11-14','\0',6,'SPEDICATO DEBORAH S.R.L -','POPORULUI','1','2019-01-01',50.00,2,'LS1','A','12'),(-217020398702015659,'7996','IOAN','RADU',1,2,150,2,'AIUD','0748803408','2018-11-23','\0',5,'Twin Sinergy S.R.L. -','GHEORGHE DOJA','10','2019-01-01',32.00,2,'-','-','-'),(-184699706402192561,'7985','IOAN-FLORIAN','GHIURA',2,4,1,1,'FLORESTI','0745630810','2018-11-21','\0',5,'Twin Sinergy S.R.L. -','GHEORGHE DOJA','-','2019-01-01',40.00,2,'F','2','8C'),(-174183633811648615,'7726','MIRCEA','LACATUS',1,2,300,2,'OCNA MURES','0753690910','2018-11-06','\0',5,'Twin Sinergy S.R.L. -','INDEPENDENTEI','26/4/79','2019-01-01',37.00,2,'-','-','-'),(-72385145153696290,'8270','SEVER','MARTON',1,1,100,2,'OCNA MURES','0754677178','2018-11-13','\0',3,'Richard Berszan','HORIA','18','2019-01-01',0.00,2,'-','-','-'),(-20825120519402797,'8405','IOAN','MUNTEAN',2,4,1,1,'DEJ','0264215812','2018-11-09','\0',7,'BLUE STAR TRADING S.R.L. -','AMURG','3','2019-01-01',35.00,2,'R2','A','7'),(24930127657912784,'7735','VICTOR','OLTEAN',2,4,1,2,'TEIUS','0747258367','2018-11-07','\0',5,'Twin Sinergy S.R.L. -','OCTAVIAN GOGA','G1/3/41','2019-01-01',40.00,2,'-','-','-'),(96207955945410273,'8442','MARIANA-ECATERINA','BOCHIS',1,3,100,1,'GHERLA','0726109921','2018-11-15','\0',7,'BLUE STAR TRADING S.R.L. -','VICTORIEI','4/A','2019-01-01',26.00,2,'-','1','16'),(169772735204444094,'8481','EMIL','MALUTAN',2,4,1,1,'GHERLA','0743050693','2018-11-20','\0',7,'BLUE STAR TRADING S.R.L. -','STEJARULUI','10','2019-01-01',35.00,2,'-','2','29'),(260212720603186781,'8494','ELVIRA','FELFALUSI',1,3,125,1,'GHERLA','0264243683','2018-11-21','\0',7,'BLUE STAR TRADING S.R.L. -','STEJARULUI','8','2019-01-01',29.00,2,'-','3','57'),(331695239735233212,'7970','IOAN','NECHIFOR',1,2,250,1,'BACIU','0724289815','2018-11-15','\0',5,'Twin Sinergy S.R.L. -','TRANDAFIRILOR','4','2019-01-01',32.00,2,'A','-','2'),(341595844187081370,'7933','IANOS','FARKAS',1,3,75,1,'DEJ','0768706722','2018-11-08','\0',5,'Twin Sinergy S.R.L. -','DEALUL ROZELOR','9/C/23','2019-01-01',23.00,2,'-','-','-'),(365863535789362852,'6682','ION','MOTOC',2,4,1,15,'MEDGIDIA','0768543432','2018-11-07','\0',6,'SPEDICATO DEBORAH S.R.L -','SIRETULUI','20','2019-01-01',50.00,2,'H','B','12'),(539914488945657717,'8475','VIORICA','LUCACIU',1,1,100,1,'GHERLA','0774401383','2018-11-19','\0',7,'BLUE STAR TRADING S.R.L. -','FRASINULUI','1','2019-01-01',26.00,2,'-','4','54'),(585229813970715152,'8418','KAROLY','GROZA',1,1,125,1,'DEJ','0768099854','2018-11-12','\0',7,'BLUE STAR TRADING S.R.L. -','AURORA','4','2019-01-01',29.00,2,'M2','B','34'),(660188324493217732,'7822','ELENA','VLAIC',2,4,1,2,'ALBA IULIA','0749862882','2018-11-07','\0',5,'Twin Sinergy S.R.L. -','CONSTRUCTORILOR','17/A1/20','2019-01-01',40.00,2,'-','-','-'),(699168998980403748,'7815','RODICA','SZILAGY',2,4,1,2,'TEIUS','0755977037','2018-11-05','\0',5,'Twin Sinergy S.R.L. -','DECEBAL','7/4/18','2019-01-01',40.00,2,'-','-','-'),(782424039802487947,'6692','MARIA','POPA',1,2,125,15,'MEDGIDIA','0726264901','2018-11-07','\0',6,'SPEDICATO DEBORAH S.R.L -','MARGARITARULUI','27','2019-01-01',35.00,2,'6','-','16'),(792717722737462248,'8264','VIORICA','MOROVAN',2,4,1,2,'OCNA MURES','0726263226','2018-11-13','\0',4,'Crina Andreea Dumbrevan','HORIA','5','2019-01-01',30.00,2,'-','-','-'),(798948034258816404,'7830','IOSIF','MATE',1,2,150,1,'DEJ','0760533610','2018-11-09','\0',5,'Twin Sinergy S.R.L. -','PRIMAVERII','2/A/18','2019-01-01',10.00,2,'-','-','-'),(801121643434821054,'6699','CONSTANTIN','GOLOGAN',1,2,250,15,'MEDGIDIA','0727768298','2018-11-14','\0',6,'SPEDICATO DEBORAH S.R.L -','POPORULUI','1','2019-01-01',35.00,2,'1FC','A','3'),(843585782614543248,'8462','VASILE','BUNEA',1,1,100,1,'GHERLA','0770745450','2018-11-19','\0',7,'BLUE STAR TRADING S.R.L. -','STEJARULUI','12','2019-01-01',26.00,2,'-','1','6'),(874092806263751544,'7943','GHEORGHE','PURDEA',2,4,1,1,'DEJ','0764449533','2018-11-08','\0',5,'Twin Sinergy S.R.L. -','ORIZONT','G/N40/A/2','2019-01-01',40.00,2,'-','-','-'),(904313469251306003,'7762','AUGUSTIN','SUCIU',2,4,1,29,'CHETANI','0746367585','2018-11-16','\0',5,'Twin Sinergy S.R.L. -','HADARENI','173','2019-01-01',40.00,2,'-','-','-'),(948007617958854907,'7977','MARIA','POP',1,1,100,1,'GHERLA','-','2018-11-17','\0',5,'Twin Sinergy S.R.L. -','TRANDAFIRILOR','3','2019-01-01',29.00,2,'-','-','8'),(972514688625560126,'7951','VICENTIU-DANIEL','MARINA',1,1,100,2,'OCNA MURES','0751231417','2018-11-12','\0',5,'Twin Sinergy S.R.L. -','NICOLAE IORGA','40/A/2/7','2019-01-01',29.00,2,'-','-','-'),(990430962638605668,'8478','ADRIANA-MAGDALENA','FALUBI',1,3,100,1,'GHERLA','0740032054','2018-11-20','\0',7,'BLUE STAR TRADING S.R.L. -','STEJARULUI','10','2019-01-01',26.00,2,'-','-','4'),(993090851723626966,'6685.','MARIA','NITU',1,2,125,15,'MEDGIDIA','0763706722','2018-11-09','\0',6,'SPEDICATO DEBORAH S.R.L -','MARGARITARULUI','31','2019-01-01',35.00,2,'F','B','12'),(1013065961422995635,'7931','IOAN','MUNTEAN',1,1,100,2,'ALBA IULIA','0729947916','2018-11-07','\0',5,'Twin Sinergy S.R.L. -','ALEXANDRU IOAN CUZA','12','2019-01-01',29.00,2,'G3-G4','-','33'),(1033925098483961460,'7491','IULIANA','POPESCU',2,4,1,1,'DEJ','0264215680','2018-11-05','\0',7,'BLUE STAR TRADING S.R.L. -','22 DECEMBRIE','8','2019-01-01',35.00,2,'-','-','6'),(1049234491751157655,'7829','VASILE','STUPAR',1,3,50,1,'DEJ','-','2018-11-08','\0',5,'Twin Sinergy S.R.L. -','ORIZONT','10/S4/C/58','2019-01-01',23.00,2,'-','-','-'),(1090609890257686087,'8358','DUMITRU','DODON',1,2,225,1,'DEJ','0722989355','2018-11-06','\0',7,'BLUE STAR TRADING S.R.L. -','MIHAIL KOGALNICEANU','4','2019-01-01',29.00,2,'-','A','3'),(1099093783875702340,'7773','GABRIELA-MONICA','PIGLISAN',2,4,1,1,'DEJ','0741514268','2018-11-19','\0',5,'Twin Sinergy S.R.L. -','1 MAI','182C','2019-01-01',40.00,2,'-','B','60'),(1109723952283078304,'0001','GAL','RAJMOND',1,1,150,22,'TULGHES','0751538823','2016-10-24','',3,'Richard Berszan','SAT.TULGHES','534','2016-12-01',0.00,2,NULL,NULL,NULL),(1124058934400535645,'8365','VASILE','CIMPEAN',2,4,1,1,'DEJ','0746166768','2018-11-07','\0',7,'BLUE STAR TRADING S.R.L. -','ECATERINA TEODOROIU','67','2019-01-01',35.00,2,'-','A','12'),(1130836797713435824,'7825','AURELIA','FILIP',2,4,1,1,'DEJ','0748054686','2018-11-08','\0',5,'Twin Sinergy S.R.L. -','DEALUL ROZELOR','11/B/15','2019-01-01',40.00,2,'-','-','-'),(1181606664504233206,'8491','ELENA','PETREAN',1,3,75,1,'GHERLA','0756841960','2018-11-21','\0',7,'BLUE STAR TRADING S.R.L. -','STEJARULUI','8','2019-01-01',21.00,2,'-','2','34'),(1229670456134682851,'7913','MATEI','LIVADA',2,4,1,2,'SINTIMBRU','-','2018-11-05','\0',5,'Twin Sinergy S.R.L. -','SINTIMBRU','56/26','2019-01-01',40.00,2,'-','-','-'),(1276466806230698985,'8007','VASILE','GHIRAN',2,4,1,1,'DEJ','0757883803','2018-11-27','\0',5,'Twin Sinergy S.R.L. -','AMURG','3','2019-01-01',40.00,2,'R2','-','4'),(1293756699845543508,'6687.','DOREL','NEGRUT',2,4,1,15,'MEDGIDIA','0730420078','2018-11-14','\0',6,'SPEDICATO DEBORAH S.R.L -','POPORULUI','1','2019-01-01',50.00,2,'LS1','A','24'),(1313512577791184271,'0002','MOLNAR','TEREZ',1,1,400,22,'GHEORGHENI','0757144533','2016-10-27','',3,'Richard Berszan','CAR.FLORILOR','42/A/2','2016-12-01',0.00,2,NULL,NULL,NULL),(1348463520077401855,'6870','EUGENIU','TOMA',2,4,1,15,'MEDGIDIA','0721243172','2018-11-08','\0',6,'SPEDICATO DEBORAH S.R.L -','POPORULUI','39','2019-01-01',50.00,2,'12','A','14'),(1378948807196493935,'7752','FELICIA','VIOREANU',2,4,1,2,'OCNA MURES','0744506573','2018-11-13','\0',5,'Twin Sinergy S.R.L. -','1 MAI','38/5','2019-01-01',40.00,2,'-','-','-'),(1396643008020300894,'8471','VALERIA','SZONYI',1,2,150,1,'GHERLA','0757636831','2018-11-19','\0',7,'BLUE STAR TRADING S.R.L. -','FRASINULUI','1','2019-01-01',29.00,2,'-','4','59'),(1495009149390766616,'8468','PETRE','LOSONTI',2,4,1,1,'GHERLA','0752477926','2018-11-19','\0',7,'BLUE STAR TRADING S.R.L. -','FRASINULUI','1','2019-01-01',35.00,2,'-','4','53'),(1505180012325587447,'7958','TRAIAN','GHERMAN',2,4,1,2,'OCNA MURES','0740210554','2018-11-13','\0',5,'Twin Sinergy S.R.L. -','1 MAI','41/4/73','2019-01-01',40.00,2,'-','-','-'),(1509117020051688406,'7486','ANNA','ITT',1,3,75,1,'DEJ','0755651659','2018-11-05','\0',7,'BLUE STAR TRADING S.R.L. -','22 DECEMBRIE','8','2019-01-01',21.00,2,'-','-','3'),(1513665326929167281,'8396','FIMICA','DEAC',1,3,100,1,'DEJ','0757921828','2018-11-09','\0',7,'BLUE STAR TRADING S.R.L. -','UNIRII','6','2019-01-01',26.00,2,'A8','-','7'),(1574744407779659724,'6689.','ION','COSTEA',1,2,225,15,'MEDGIDIA','0734395885','2018-11-09','\0',6,'SPEDICATO DEBORAH S.R.L -','MARGARITARULUI','29','2019-01-01',35.00,2,'4','A','8'),(1587253035445994975,'7921','RARES','LACATUS',1,1,100,2,'OCNA MURES','0740627002','2018-11-06','\0',5,'Twin Sinergy S.R.L. -','INDEPENDENTEI','-','2019-01-01',29.00,2,'26','-','78'),(1624657268085899916,'8389','ALEXA','MAT',2,4,1,1,'DEJ','0364422199','2018-11-08','\0',7,'BLUE STAR TRADING S.R.L. -','ORIZONT','3','2019-01-01',35.00,2,'D2','D','73'),(1718504012004871438,'6690','ION','STAMATE',2,4,1,15,'MEDGIDIA','0728255823','2018-11-16','\0',6,'SPEDICATO DEBORAH S.R.L -','POPORULUI','3A','2019-01-01',50.00,2,'37','A','8'),(1730581201671569929,'8430','SIGHISMUND','PAP',1,3,100,1,'GHERLA','0753905061','2018-11-15','\0',7,'BLUE STAR TRADING S.R.L. -','TRANDAFIRILOR','2','2019-01-01',26.00,2,'-','2','28'),(1762721923125299934,'7929','IOAN','FAGADAR',2,4,1,2,'TEIUS','0763612332','2018-11-07','\0',5,'Twin Sinergy S.R.L. -','OCTAVIAN GOGA','7929','2019-01-01',40.00,2,'-','-','-'),(1790440963851767190,'7846','MARTIN-MIRCEA','SZILAGY',1,2,150,2,'TEIUS','0755977037','2018-11-05','\0',5,'Twin Sinergy S.R.L. -','DECEBAL','115/7/4/18','2019-01-01',32.00,2,'-','-','-'),(1983503144738836158,'6705','GHEORGHE','COMAN',1,2,200,15,'MEDGIDIA','0760719987','2018-11-16','\0',6,'SPEDICATO DEBORAH S.R.L -','POPORULUI','1T','2019-01-01',35.00,2,'30','C','78'),(2181298303779226519,'8323','SIMION','DIMBEAN',2,4,1,29,'CHETANI','0747700876','2018-11-16','\0',3,'Richard Berszan','HADARENI','175','2019-01-01',0.00,2,'-','-','-'),(2209133486689436435,'6689','IONEL','ANTON',2,4,1,15,'MEDGIDIA','0723525319','2018-11-16','\0',6,'SPEDICATO DEBORAH S.R.L -','POPORULUI','3A','2019-01-01',50.00,2,'37','A','9'),(2232981911923212420,'7859.','GHEORGHE','GARDA',1,3,125,1,'FLORESTI','0742968883','2018-11-20','\0',5,'Twin Sinergy S.R.L. -','GHEORGHE DOJA','-','2019-01-01',32.00,2,'1','-','12'),(2233234108425588100,'6677','ALEXANDRU','ISTRATE',1,2,150,15,'MEDGIDIA','0740875915','2018-11-06','\0',6,'SPEDICATO DEBORAH S.R.L -','DUMITRU CHICOS','5','2019-01-01',35.00,2,'DC3','-','26'),(2247145338360843711,'8459','MONICA-MELANIA','DEJAN',2,4,1,1,'GHERLA','0756337369','2018-11-17','\0',7,'BLUE STAR TRADING S.R.L. -','BRAZILOR','3','2019-01-01',35.00,2,'-','1','1'),(2334868871999082383,'8352','MARIA','POP',2,4,1,1,'DEJ','0766690457','2018-11-06','\0',7,'BLUE STAR TRADING S.R.L. -','ION POP RETEGANU','1','2019-01-01',35.00,2,'H1','-','56'),(2389508848408414945,'6862','CORNELIE','CAITAS',2,4,1,15,'MEDGIDIA','0728506383','2018-11-05','\0',6,'SPEDICATO DEBORAH S.R.L -','REPUBLICII','76B','2019-01-01',50.00,2,'IC2','A','16'),(2453776303205009887,'8429','CLAUDIUS','BERCARU',2,4,1,1,'GHERLA','0745984221','2018-11-14','\0',7,'BLUE STAR TRADING S.R.L. -','BRAZILOR','1','2019-01-01',35.00,2,'-','1','12'),(2464738405209427211,'7945','AUREL','BORZASI',2,4,1,1,'DEJ','0747419360','2018-11-09','\0',5,'Twin Sinergy S.R.L. -','ORIZONT','8/H1/A/13','2019-01-01',40.00,2,'-','-','-'),(2524501668696443184,'7955','ANTON-OVIDIU','DECEAN',1,2,150,2,'OCNA MURES','0731013179','2018-11-12','\0',5,'Twin Sinergy S.R.L. -','1 MAI','-','2019-01-01',32.00,2,'39','-','11'),(2529848495530983424,'6673','IVANA','DOSPIN',1,2,150,15,'MEDGIDIA','0726281343','2018-11-05','\0',6,'SPEDICATO DEBORAH S.R.L -','REPUBLICII','76D','2019-01-01',35.00,2,'IC4','A','30'),(2583027475567889852,'7982','ZOLTAN ERNO','GABOR',1,3,125,1,'FLORESTI','0757488868','2018-11-20','\0',5,'Twin Sinergy S.R.L. -','GHEORGHE DOJA','-','2019-01-01',32.00,2,'Y1','-','6'),(2677566201822659721,'7941','CAROL','SOCACI',2,4,1,1,'DEJ','0723862820','2018-11-08','\0',5,'Twin Sinergy S.R.L. -','ORIZONT','10/S4/B/23','2019-01-01',40.00,2,'-','-','-'),(2694487129996021404,'8384','CONSTANTIN','MICHES',2,4,1,1,'DEJ','0751779621','2018-11-08','\0',7,'BLUE STAR TRADING S.R.L. -','0751779621','26','2019-01-01',35.00,2,'Z','A','8'),(2697840748897256586,'7843','MARIA','PORUMB',2,4,1,1,'LUNA','0745819511','2018-11-16','\0',5,'Twin Sinergy S.R.L. -','LUNCANI','246','2019-01-01',40.00,2,'-','-','-'),(2705075387667925048,'8412','AUGUSTIN','MURESAN',2,4,1,1,'DEJ','0740772354','2018-11-12','\0',7,'BLUE STAR TRADING S.R.L. -','ECATERINA TEODOROIU','30/A','2019-01-01',35.00,2,'-','B','13'),(2756069295800402090,'8447','VASILE','LUPSOR',1,1,100,1,'GHERLA','0771796508','2018-11-15','\0',7,'BLUE STAR TRADING S.R.L. -','LIVIU REBREANU','30','2019-01-01',26.00,2,'-','-','14'),(2785182400532794339,'8380','FLORIN-MARIAN','POP',2,4,1,1,'DEJ','0732273437','2018-11-07','\0',7,'BLUE STAR TRADING S.R.L. -','UNIRII','3','2019-01-01',35.00,2,'D8','-','1'),(2827424470846099379,'7845','FLOARE','ZSOLDOS',1,1,125,1,'GHERLA','-','2018-11-17','\0',5,'Twin Sinergy S.R.L. -','TRANDAFIRILOR','3/2/32','2019-01-01',32.00,2,'-','-','-'),(2836690881935917821,'8763','CRISTIAN','ERCHEDI',2,4,1,1,'DEJ','0733926853','2018-11-07','\0',7,'BLUE STAR TRADING S.R.L. -','ECATERINA TEODOROIU','67','2019-01-01',35.00,2,'-','A','6'),(2904423948227071342,'7497','VIORICA','SAVA',2,4,1,1,'DEJ','0763697936','2018-11-06','\0',7,'BLUE STAR TRADING S.R.L. -','ION POP RETEGANU','3','2019-01-01',35.00,2,'I40','C','30'),(2913738713488116964,'8403','ILEANA','POP',1,3,100,1,'DEJ','0748896065','2018-11-09','\0',7,'BLUE STAR TRADING S.R.L. -','UNIRII','12','2019-01-01',26.00,2,'-','-','13'),(2988422775436624946,'7847','LUCIAN-FLORIN','POP',1,1,125,1,'GHERLA','-','2018-11-17','\0',5,'Twin Sinergy S.R.L. -','PLUGARILOR','16','2019-01-01',32.00,2,'-','-','17'),(3039391963021659964,'7768','ELISABETA','KONCZ',2,4,1,1,'GHERLA','0745755893','2018-11-17','\0',5,'Twin Sinergy S.R.L. -','TRANDAFIRILOR','3','2019-01-01',40.00,2,'-','2','25'),(3051106229711095473,'7488','AUGUSTIN','SERBAN',2,4,1,1,'DEJ','0757365826','2018-11-05','\0',7,'BLUE STAR TRADING S.R.L. -','13 DECEMBRIE','8','2019-01-01',35.00,2,'-','-','4'),(3087868811485528568,'8505','GHEORGHE','POP',2,4,1,1,'GHERLA','0749126581','2018-11-17','\0',3,'Richard Berszan','GIRLEI','21','2019-01-01',0.00,2,'-','1','11'),(3120416065949027110,'8277','ANA','DAMIAN',2,4,1,2,'OCNA MURES','0751546448','2018-11-13','\0',3,'Richard Berszan','BOGDAN PETRICEICU HASDEU','1','2019-01-01',0.00,2,'-','-','-'),(3181023878722700120,'8357','VASILE','BUBURUZ',2,4,1,1,'DEJ','0723665330','2018-11-06','\0',7,'BLUE STAR TRADING S.R.L. -','MIRCEA CEL BATRAN','5','2019-01-01',35.00,2,'M2','A','5'),(3196655344434891615,'8440','IULIANA','RAKUSCSINECZ-SOLYOM',2,4,1,1,'GHERLA','0759174560','2018-11-15','\0',7,'BLUE STAR TRADING S.R.L. -','VICTORIEI','4','2019-01-01',35.00,2,'-','-','3'),(3217840837469425652,'8269','GHEORGHE','OLTEAN',1,1,100,2,'OCNA MURES','0742884936','2018-11-13','\0',4,'Crina Andreea Dumbrevan','HORIA','18','2019-01-01',25.00,2,'-','-','-'),(3236581569161479432,'7937','MARIA','PINTEA',2,3,1,1,'DEJ','0748195356','2018-11-08','\0',5,'Twin Sinergy S.R.L. -','ORIZONT','10/S4/3','2019-01-01',40.00,2,'-','-','-'),(3252449632905676190,'8381','LAVINIA-MARIA','BORSAN',1,3,125,1,'DEJ','0769928112','2018-11-08','\0',7,'BLUE STAR TRADING S.R.L. -','26','Z26','2019-01-01',29.00,2,'Z','A','4'),(3382658723501854175,'8337','RAMONA-AURELIA','PACURAR',2,4,1,1,'GHERLA','0787451503','2018-11-22','\0',7,'BLUE STAR TRADING S.R.L. -','MESTEACANULUI','4','2019-01-01',35.00,2,'-','3','57'),(3444122020861002511,'8406','IOAN','MUNTEAN',1,3,75,1,'DEJ','0264215812','2018-11-09','\0',7,'BLUE STAR TRADING S.R.L. -','AMURG','3','2019-01-01',21.00,2,'R2','A','7'),(3453941294793050837,'8431','SIGHISMUND','PAP',2,4,1,1,'GHERLA','0753905061','2018-11-15','\0',7,'BLUE STAR TRADING S.R.L. -','TRANDAFIRILOR','2','2019-01-01',35.00,2,'-','2','28'),(3459587033488377161,'8477','NICOLAE','CAMPEAN',1,3,50,1,'GHERLA','0774401383','2018-11-19','\0',7,'BLUE STAR TRADING S.R.L. -','FRASINULUI','1','2019-01-01',21.00,2,'-','4','50'),(3500172300729274325,'7939','MARIOARA','ILIES',2,4,1,1,'DEJ','0747764500','2018-11-08','\0',5,'Twin Sinergy S.R.L. -','ORIZONT','3/D2/C/41','2019-01-01',40.00,2,'-','-','-'),(3535622022544706558,'7967','MARIUS-GABRIEL','PURCEL',1,2,175,1,'BACIU','0745772341','2018-11-15','\0',5,'Twin Sinergy S.R.L. -','MAGNOLIEI','15','2019-01-01',32.00,2,'G','-','16'),(3619694120881767845,'7923','TIBERIU','BOGOSI',1,2,200,2,'OCNA MURES','0771619099','2018-11-06','\0',5,'Twin Sinergy S.R.L. -','INDEPENDENTEI','26/28','2019-01-01',32.00,2,'-','-','-'),(3680646519762010345,'7753','FELICIA','VIOREANU',1,2,200,2,'OCNA MURES','0744506573','2018-11-13','\0',5,'Twin Sinergy S.R.L. -','1 MAI','38/5','2019-01-01',32.00,2,'-','-','-'),(3725127650018347947,'8452','IOAN','CHEZAN',1,2,125,1,'GHERLA','0746564838','2018-11-16','\0',7,'BLUE STAR TRADING S.R.L. -','PLUGARILOR','16','2019-01-01',29.00,2,'-','1','14'),(3740543087620014306,'8428','ANA MIHAELA','MORCOZAN',2,4,1,1,'GHERLA','0744567150','2018-11-14','\0',7,'BLUE STAR TRADING S.R.L. -','BRAZILOR','11','2019-01-01',35.00,2,'-','2','21'),(3757474705805690636,'6683.','NICOLAE','CONSTANTIN',1,2,125,15,'MEDGIDIA','0762097928','2018-11-08','\0',6,'SPEDICATO DEBORAH S.R.L -','POPORULUI','19','2019-01-01',35.00,2,'P11','A','9'),(3797874998086487989,'7973','ILINA','FLUIERAS',2,4,1,29,'CHETANI','0758612327','2018-11-16','\0',5,'Twin Sinergy S.R.L. -','HADARENI','62','2019-01-01',40.00,2,'-','-','-'),(3810688234290891301,'8433','ANA','CHIS',1,3,125,1,'GHERLA','0758427458','2018-11-15','\0',7,'BLUE STAR TRADING S.R.L. -','TRANDAFIRILOR','2','2019-01-01',29.00,2,'-','2','33'),(3884609058579958090,'8446','VASILE','LUPUSOR',2,4,1,1,'GHERLA','0771796508','2018-11-15','\0',7,'BLUE STAR TRADING S.R.L. -','LIVIU REBREANU','30','2019-01-01',35.00,2,'-','-','14'),(3907278698029927484,'7850','TRAIAN','GHERMAN',1,3,100,1,'DEJ','0755636890','2018-11-19','\0',5,'Twin Sinergy S.R.L. -','1 MAI','182/F/32','2019-01-01',29.00,2,'-','-','-'),(3929959845715460862,'8437','MARIA','MURESAN',1,3,75,1,'GHERLA','0740693647','2018-11-15','\0',7,'BLUE STAR TRADING S.R.L. -','TRANDAFIRILOR','2','2019-01-01',21.00,2,'-','-','12'),(3957636169779334313,'6698','GHEORGHE','MIRICA',1,2,125,15,'MEDGIDIA','0743468327','2018-11-14','\0',6,'SPEDICATO DEBORAH S.R.L -','POPORULUI','1','2019-01-01',35.00,2,'LS1','A','12'),(4070237615661073714,'7927','CORNEL','PUSCAS',1,1,125,2,'OCNA MURES','-','2018-11-06','\0',5,'Twin Sinergy S.R.L. -','INDEPENDENTEI','27/A/18','2019-01-01',32.00,2,'-','-','-'),(4091408551895517619,'8392','FRANCISC','MARTONAS',1,3,100,1,'DEJ','0723751133','2018-11-08','\0',7,'BLUE STAR TRADING S.R.L. -','ORIZONT','3','2019-01-01',26.00,2,'-','-','49'),(4123596325179443780,'7766','TEODOR','SAVUSCA',2,4,1,29,'CHETANI','0787612842','2018-11-16','\0',5,'Twin Sinergy S.R.L. -','HADARENI','179A','2019-01-01',40.00,2,'-','-','-'),(4162204178252644665,'8498','DIANA-ROXANA','GRASIM',1,1,75,1,'GHERLA','0745849680','2018-11-17','\0',3,'Richard Berszan','STARUINTEI','10','2019-01-01',0.00,2,'-','2','22'),(4166919857619486291,'7979','IOANA-ANDREEA','POP',1,2,200,1,'GHERLA','0746806705','2018-11-17','\0',5,'Twin Sinergy S.R.L. -','GEORGE COSBUC','2','2019-01-01',32.00,2,'4','1','5'),(4235122267832535797,'8420','CLAUDIUS','BERCARU',1,3,125,1,'GHERLA','0745584221','2018-11-14','\0',7,'BLUE STAR TRADING S.R.L. -','BRAZILOR','1','2019-01-01',29.00,2,'-','1','12'),(4273338347776592461,'8492','ELENA','PETREAN',2,4,1,1,'GHERLA','0756841960','2018-11-21','\0',7,'BLUE STAR TRADING S.R.L. -','STEJARULUI','8','2019-01-01',35.00,2,'-','2','34'),(4285483912322957572,'7932','IOAN','MUNTEAN',2,4,1,2,'ALBA IULIA','0729947916','2018-11-07','\0',5,'Twin Sinergy S.R.L. -','ALEXANDRU IOAN CUZA','12','2019-01-01',40.00,2,'G3-G4','-','33'),(4347309690482017799,'8410','LIVIU','GINGA',2,4,1,1,'DEJ','0753792323','2018-11-12','\0',7,'BLUE STAR TRADING S.R.L. -','1 MAI','39','2019-01-01',35.00,2,'L20','-','15'),(4412979932681815872,'6874','SAVETA','DAMASCHIN',2,4,1,15,'MEDGIDIA','0761320607','2018-11-09','\0',6,'SPEDICATO DEBORAH S.R.L -','MARGARITARULUI','31','2019-01-01',50.00,2,'F','B','16'),(4422343052870765077,'7834','MARIA','MAIER',2,4,1,2,'OCNA MURES','0258870357','2018-11-12','\0',5,'Twin Sinergy S.R.L. -','BRAZILOR','31/33','2019-01-01',40.00,2,'-','-','-'),(4506913349088922985,'6684.','SAVETA','DAMASCHIN',1,2,300,15,'MEDGIDIA','6684','2018-11-09','\0',6,'SPEDICATO DEBORAH S.R.L -','MARGARITARULUI','31','2019-01-01',40.00,2,'F','B','16'),(4519137912789419989,'7954','ANTON-OVIDIU','DECEAN',2,4,1,2,'OCNA MURES','0731013179','2018-11-12','\0',5,'Twin Sinergy S.R.L. -','1 MAI','39/11','2019-01-01',40.00,2,'-','-','-'),(4559279541954104835,'7953','EMIL','ALEXA',1,1,50,2,'OCNA MURES','-','2018-11-12','\0',5,'Twin Sinergy S.R.L. -','INDEPENDENTEI','42/C/E/1/8','2019-01-01',23.00,2,'-','-','-'),(4569219026123770316,'8359','DUMITRU','DODON',2,4,1,1,'DEJ','0722989355','2018-11-06','\0',7,'BLUE STAR TRADING S.R.L. -','MIHAIL KOGALNICEANU','4','2019-01-01',35.00,2,'-','A','3'),(4570352140979032011,'8464','ILEANA','TOFENI',2,4,1,1,'GHERLA','0756933107','2018-11-19','\0',7,'BLUE STAR TRADING S.R.L. -','STEJARULUI','12','2019-01-01',35.00,2,'-','2','33'),(4574597931441340901,'6869','CONSTANTIN','BOLBARICI',2,4,1,15,'MEDGIDIA','0341103843','2018-11-08','\0',6,'SPEDICATO DEBORAH S.R.L -','POPORULUI','45','2019-01-01',50.00,2,'3','A','14'),(4579557658528206737,'7490','IULIANA','POPESCU',1,2,100,1,'DEJ','0264215680','2018-11-05','\0',7,'BLUE STAR TRADING S.R.L. -','22 DECEMBRIE','8','2019-01-01',26.00,2,'-','-','6'),(4585676301533726148,'7754','DOINA','NISTOR',1,1,100,2,'OCNA MURES','0751798375','2018-11-13','\0',5,'Twin Sinergy S.R.L. -','1 MAI','8','2019-01-01',29.00,2,'-','-','-'),(4585685090537392061,'7957','MARIA','STOICA',1,2,150,2,'OCNA MURES','0725528655','2018-11-13','\0',5,'Twin Sinergy S.R.L. -','1 MAI','41/69','2019-01-01',32.00,2,'-','-','-'),(4621136296214872904,'6681.','PETRU','ANGHELUTA',1,2,200,15,'MEDGIDIA','0729102089','2018-11-08','\0',6,'SPEDICATO DEBORAH S.R.L -','POPORULUI','37','2019-01-01',35.00,2,'11','A','13'),(4705451215507507820,'7971','ERZSEBET-MELINDA','NYILAS',2,4,1,1,'BACIU','-','2018-11-15','\0',5,'Twin Sinergy S.R.L. -','TRANDAFIRILOR','4','2019-01-01',40.00,2,'A','1','1'),(4724802853802887954,'7831.','ESTEARUCA','MATE',1,3,50,1,'DEJ','0760533610','2018-11-09','\0',5,'Twin Sinergy S.R.L. -','PRIMAVERII','2/A/18','2019-01-01',23.00,2,'-','-','-'),(4733509515246387742,'8456','IUDITH-ANNAMARIA','OLTEAN',2,4,1,1,'GHERLA','0742854791','2018-11-16','\0',7,'BLUE STAR TRADING S.R.L. -','VICTORIEI','13','2019-01-01',35.00,2,'-','1','7'),(4755600339881050613,'7836','TEODOR','HARASTASAN',2,4,1,2,'OCNA MURES','0757999677','2018-11-12','\0',5,'Twin Sinergy S.R.L. -','BRAZILOR','33/25','2019-01-01',40.00,2,'-','-','-'),(4804097949155478503,'8320','VALERIA','KOVACS',1,1,50,2,'BARABANT','0752454941','2018-11-16','\0',3,'Richard Berszan','MURESULUI','46','2019-01-01',0.00,2,'-','-','-'),(4867798884384196476,'8467','ANA','OLASUTEAN',1,1,100,1,'GHERLA','0364888405','2018-11-19','\0',7,'BLUE STAR TRADING S.R.L. -','FRASINULUI','1','2019-01-01',26.00,2,'-','4','49'),(4877842064212511307,'8394','OTILIA','VASILIU',2,4,1,1,'DEJ','0264213886','2018-11-09','\0',7,'BLUE STAR TRADING S.R.L. -','UNIRII','6','2019-01-01',35.00,2,'-','-','4'),(4971932028988246664,'7769','VERONICA','MAROTI',1,3,100,1,'GHERLA','-','2018-11-17','\0',5,'Twin Sinergy S.R.L. -','TRANDAFIRILOR','2','2019-01-01',29.00,2,'-','-','24'),(4976579117246205578,'7991','IOAN','MOCIAN',2,4,1,2,'AIUD','0737104778','2018-11-22','\0',5,'Twin Sinergy S.R.L. -','AXENTE SEVER','-','2019-01-01',40.00,2,'23','A','6'),(5000982302112301561,'8373','STEFAN','SECHEREAN',1,3,100,1,'DEJ','0732804474','2018-11-07','\0',7,'BLUE STAR TRADING S.R.L. -','GHIOCEILOR','2','2019-01-01',26.00,2,'E2','A','5'),(5036302969465618722,'7930','IOAN','FAGADAR',1,1,100,2,'TEIUS','0763612332','2018-11-07','\0',5,'Twin Sinergy S.R.L. -','OCTAVIAN GOGA','G1/2/25','2019-01-01',29.00,2,'-','-','-'),(5060151830581430030,'7737','LUMINITA-DANIELA','MARIAN',2,4,1,2,'TEIUS','0758992353','2018-11-07','\0',5,'Twin Sinergy S.R.L. -','CRINULUI','8','2019-01-01',40.00,2,'-','-','-'),(5142458957231048031,'6875','MARIA','NITU',2,4,1,15,'MEDGIDIA','0763706722','2018-11-09','\0',6,'SPEDICATO DEBORAH S.R.L -','MARGARITARULUI','31','2019-01-01',50.00,2,'F','B','12'),(5185443301412064482,'8472','MIHAI','BANYAI',1,1,75,1,'GHERLA','0757386762','2018-11-19','\0',7,'BLUE STAR TRADING S.R.L. -','FRASINULUI','1','2019-01-01',21.00,2,'-','4','60'),(5195525370007798419,'8006','GHEORGHE','HOZA',2,4,1,1,'DEJ','0743848706','2018-11-26','\0',5,'Twin Sinergy S.R.L. -','AMURG','3','2019-01-01',40.00,2,'R2','B','38'),(5224866305000753658,'7744','LAURA','COJOCARU',2,4,1,2,'OCNA MURES','0741313232','2018-11-12','\0',5,'Twin Sinergy S.R.L. -','BRAZILOR','31/30','2019-01-01',40.00,2,'-','-','-'),(5279797043422577296,'6694','VASILE','STOICA',2,4,1,15,'MEDGIDIA','0762324939','2018-11-12','\0',6,'SPEDICATO DEBORAH S.R.L -','LUCEAFARULUI','2','2019-01-01',50.00,2,'5','-','16'),(5280789460122091724,'6868','ION','CHIREA',2,4,1,15,'MEDGIDIA','0769256293','2018-11-07','\0',6,'SPEDICATO DEBORAH S.R.L -','DUMITRU CHICOS','3','2019-01-01',50.00,2,'DC4','A','2'),(5305690108906981815,'8336','RAMONA-AURELIA','PACURAR',1,3,100,1,'GHERLA','0787451503','2018-11-22','\0',7,'BLUE STAR TRADING S.R.L. -','MESTEACANULUI','4','2019-01-01',26.00,2,'-','3','57'),(5307075627855007078,'7920','ANA-MARIA','CIRPACIU',2,4,1,2,'OCNA MURES','0772058081','2018-11-06','\0',5,'Twin Sinergy S.R.L. -','INFRATIRII','1','2019-01-01',40.00,2,'-','-','-'),(5319322058997255742,'8379','FLORIN-MARIAN','POP',1,3,125,1,'DEJ','0732273437','2018-11-07','\0',7,'BLUE STAR TRADING S.R.L. -','UNIRII','3','2019-01-01',29.00,2,'D8','-','1'),(5332186017518600382,'8438','GHEORGHE','MURESAN',2,4,1,1,'GHERLA','-','2018-11-15','\0',7,'BLUE STAR TRADING S.R.L. -','TRANDAFIRILOR','2','2019-01-01',35.00,2,'-','-','12'),(5397340780603459758,'190','TRIFAN','GHEORGHE',1,1,75,30,'PIATRA NEAMT','0720184141','2016-10-20','',3,'Richard Berszan','DIMITRIE LEONIDA','107','2016-12-01',0.00,2,'D2','A','A2'),(5558061889382796345,'8489','EUGENIE','PAVEL',2,4,1,1,'GHERLA','-','2018-11-21','\0',7,'BLUE STAR TRADING S.R.L. -','STEJARULUI','8','2019-01-01',35.00,2,'-','1','18'),(5598170914752709018,'7935','FLORIN-MARIAN','NEAMT',2,3,1,1,'CUZDRIOARA','0747623609','2018-11-08','\0',5,'Twin Sinergy S.R.L. -','NICOLAE IORGA','10','2019-01-01',40.00,2,'-','-','-'),(5630790499315237824,'8408','ELENA','TOMSA',1,3,50,1,'DEJ','0264212876','2018-11-09','\0',7,'BLUE STAR TRADING S.R.L. -','AMURG','3','2019-01-01',21.00,2,'-','B','26'),(5648967993957696902,'7949','EUGENIA','VAIDA',2,4,1,1,'DEJ','0757214927','2018-11-09','\0',5,'Twin Sinergy S.R.L. -','TOMIS','8/G2/A/15','2019-01-01',40.00,2,'-','-','-'),(5677856344135125523,'7988','SALOMIA-LACRAMIOARA','BALOG',2,4,1,1,'FLORESTI','0721567651','2018-11-21','\0',5,'Twin Sinergy S.R.L. -','EROILOR','168','2019-01-01',40.00,2,'C1','-','24'),(5699700365236060459,'8382','LAVINIA-MARIA','BORSAN',2,4,1,1,'DEJ','0769928112','2018-11-08','\0',7,'BLUE STAR TRADING S.R.L. -','TOMIS','26','2019-01-01',35.00,2,'Z','A','4'),(5768548281421022430,'7978','IOANA-ANDREEA','POP',2,4,1,1,'GHERLA','0746806705','2018-11-17','\0',5,'Twin Sinergy S.R.L. -','GEORGE COSBUC','2','2019-01-01',40.00,2,'H','1','5'),(5795767647603280046,'7741','ICA-IMOLA','HANCAS',1,1,100,2,'OCNA MURES','0755184784','2018-11-12','\0',5,'Twin Sinergy S.R.L. -','BRAZILOR','31/3','2019-01-01',29.00,2,'-','-','-'),(5814428452030334052,'7916','IULIAN','ALOMAN',2,4,1,2,'SINTIMBRU','0742834115','2018-11-05','\0',5,'Twin Sinergy S.R.L. -','SINTIMBRU','S6/27','2019-01-01',40.00,2,'-','-','-'),(5837627865897257878,'7838','VASILE','VULTUR',2,4,1,2,'OCNA MURES','-','2018-11-13','\0',5,'Twin Sinergy S.R.L. -','NICOLAE IORGA','8/12','2019-01-01',40.00,2,'-','-','-'),(5883849994095577718,'8436','MARIA','MURESAN',2,4,1,1,'GHERLA','0740693647','2018-11-15','\0',7,'BLUE STAR TRADING S.R.L. -','TRANDAFIRILOR','2','2019-01-01',35.00,2,'-','-','2'),(5884148013775864728,'7839','VASILE','VULTUR',1,2,175,2,'OCNA MURES','-','2018-11-13','\0',5,'Twin Sinergy S.R.L. -','NICOLAE IORGA','8/12','2019-01-01',32.00,2,'-','-','-'),(5943836255670257034,'7860.','LADISLAU','BIRO',1,2,175,2,'AIUD','0745433832','2018-11-23','\0',5,'Twin Sinergy S.R.L. -','TRANSILVANIEI','-','2019-01-01',32.00,2,'B7','-','1'),(5953485860629201119,'6685','GEORGETA','RUGINA',2,4,1,15,'MEDGIDIA','0733782730','2018-11-12','\0',6,'SPEDICATO DEBORAH S.R.L -','DECEBAL','1','2019-01-01',50.00,2,'P1','A','27'),(5974691394281292016,'7915','IULIAN','ALOMAN',1,2,150,2,'SINTIMBRU','0742834115','2018-11-05','\0',5,'Twin Sinergy S.R.L. -','SINTIMBRU','S6/27','2019-01-01',32.00,2,'-','-','-'),(5986967025843523571,'7851','ILEANA','SAS',2,4,1,1,'DEJ','0741556168','2018-11-19','\0',5,'Twin Sinergy S.R.L. -','1 MAI','182C/F/36','2019-01-01',40.00,2,'-','-','-'),(5988371095537208554,'8375','AUGUSTIN','MICLE',1,3,50,1,'DEJ','0754898619','2018-11-07','\0',7,'BLUE STAR TRADING S.R.L. -','GHIOCEILOR','2','2019-01-01',21.00,2,'E2','-','21'),(6057687361996671567,'8386','VASILE','TARTA',2,4,1,1,'DEJ','0769604226','2018-11-08','\0',7,'BLUE STAR TRADING S.R.L. -','ORIZONT','3','2019-01-01',35.00,2,'D2','E','90'),(6101879104009489413,'7864','PETRU','RUS',2,4,1,1,'DEJ','0766303373','2018-11-24','\0',5,'Twin Sinergy S.R.L. -','ECATERINA TEODOROIU','67','2019-01-01',40.00,2,'D','-','21'),(6120859736656135606,'7961','DORINA-DANIELA','CIUNGRADI',2,4,1,2,'OCNA MURES','0749759446','2018-11-13','\0',5,'Twin Sinergy S.R.L. -','1 MAI','41/68','2019-01-01',40.00,2,'-','-','-'),(6199071756128701310,'8473','MIHAI','BANYAI',2,4,1,1,'GHERLA','0757386762','2018-11-19','\0',7,'BLUE STAR TRADING S.R.L. -','FRASINULUI','1','2019-01-01',35.00,2,'-','4','60'),(6224622383815016934,'7868','VASILE','DRAGOS',1,3,100,1,'DEJ','0755839991','2018-11-27','\0',5,'Twin Sinergy S.R.L. -','PETUNIEI','5','2019-01-01',29.00,2,'-','A','14'),(6228801149309044753,'8439','GHEORGHE','MURESAN',1,1,125,1,'GHERLA','-','2018-11-15','\0',7,'BLUE STAR TRADING S.R.L. -','TRANDAFIRILOR','2','2019-01-01',29.00,2,'-','-','12'),(6242843041234567740,'8280','MARTA','CSEH',2,4,1,2,'OCNA MURES','0741761469','2018-11-13','\0',3,'Richard Berszan','BOGDAN PETRICEICU HASDEU','1','2019-01-01',0.00,2,'-','-','-'),(6257243263702093782,'7750','IOAN','TOVISI',2,4,1,2,'OCNA MURES','0747045823','2018-11-12','\0',5,'Twin Sinergy S.R.L. -','1 MAI','39/12','2019-01-01',40.00,2,'-','-','-'),(6348006479263843926,'6871','PETRU','ANGHELUTA',2,4,1,15,'MEDGIDIA','0729102089','2018-11-08','\0',6,'SPEDICATO DEBORAH S.R.L -','POPORULUI','37','2019-01-01',50.00,2,'11','A','13'),(6581154216097039246,'8274','EVA','MOLDOVAN',1,1,75,2,'OCNA MURES','0758308339','2018-11-13','\0',4,'Crina Andreea Dumbrevan','9 MAI','33','2019-01-01',17.00,2,'-','-','-'),(6592839946962225972,'8275','EVA','MOLDOVAN',2,4,1,2,'OCNA MURES','0758308339','2018-11-13','\0',4,'Crina Andreea Dumbrevan','9 MAI','33','2019-01-01',30.00,2,'-','-','-'),(6598324169001291715,'7742','LIVIU-ADRIAN','HANCAS',2,4,1,2,'OCNA MURES','0755184784','2018-11-12','\0',5,'Twin Sinergy S.R.L. -','BRAZILOR','31/3','2019-01-01',40.00,2,'-','-','-'),(6632302042837041356,'7993','LUCRETIA','OCNEAN',2,4,1,2,'AIUD','0772861070','2018-11-22','\0',5,'Twin Sinergy S.R.L. -','AXENTE SEVER','-','2019-01-01',40.00,2,'23','A','7'),(6640905347536339449,'8350','MARIA','COSERIU',1,3,100,1,'DEJ','0755839986','2018-11-06','\0',7,'BLUE STAR TRADING S.R.L. -','ION POP RETEGANU','3','2019-01-01',26.00,2,'I','A','4'),(6664829658186859280,'6681','MARIA','POPA',2,4,1,15,'MEDGIDIA','0726264901','2018-11-07','\0',6,'SPEDICATO DEBORAH S.R.L -','MARGARITARULUI','27','2019-01-01',50.00,2,'G','-','16'),(6679384929247576515,'8423','MARIA','RIGO',2,4,1,1,'GHERLA','0742040792','2018-11-14','\0',7,'BLUE STAR TRADING S.R.L. -','BRAZILOR','3','2019-01-01',35.00,2,'-','1','4'),(6729782133752283790,'6686','LAURENTIU','NEGRUT',2,4,1,15,'MEDGIDIA','0760402181','2018-11-14','\0',6,'SPEDICATO DEBORAH S.R.L -','POPORULUI','1','2019-01-01',50.00,2,'LS2','A','2'),(6764677134196362071,'7723','NICOLAE','HOCA',1,2,150,2,'OCNA MURES','0770716748','2018-11-06','\0',5,'Twin Sinergy S.R.L. -','ISLAZULUI','5','2019-01-01',32.00,2,'-','-','-'),(6966027909426202608,'6669','TRAIAN','PETROV',1,2,125,15,'MEDGIDIA','0766448592','2018-11-05','\0',6,'SPEDICATO DEBORAH S.R.L -','REPUBLICII','74','2019-01-01',35.00,2,'SC4','E','46'),(7087312573378217517,'6691','MARIA','GHEORGHE',2,4,1,15,'MEDGIDIA','076919757','2018-11-16','\0',6,'SPEDICATO DEBORAH S.R.L -','POPORULUI','5','2019-01-01',50.00,2,'34','-','12'),(7114983587550546542,'7819','GEZA','STOICA',2,4,1,2,'OCNA MURES','0740238831','2018-11-06','\0',5,'Twin Sinergy S.R.L. -','INDEPENDENTEI','26/48','2019-01-01',40.00,2,'-','-','-'),(7176513699182104437,'7848','IOAN','MONCEA',1,1,75,1,'GHERLA','0755661302','2018-11-17','\0',5,'Twin Sinergy S.R.L. -','TRANDAFIRILOR','2/1/16','2019-01-01',23.00,2,'-','-','-'),(7211609700970548630,'8480','SUSANA','CZEGER',1,3,100,1,'GHERLA','0728968548','2018-11-20','\0',7,'BLUE STAR TRADING S.R.L. -','STEJARULUI','10','2019-01-01',26.00,2,'-','1','8'),(7238896398203374227,'7968','MARIUS-GABRIEL','PURCEL',2,4,1,1,'BACIU','-','2018-11-15','\0',5,'Twin Sinergy S.R.L. -','MAGNOLIEI','15','2019-01-01',40.00,2,'G','-','16'),(7282524219645444735,'8008','VASILE','GHIRAN',1,3,75,1,'DEJ','0757883803','2018-11-27','\0',5,'Twin Sinergy S.R.L. -','AMURD','3','2019-01-01',23.00,2,'R2','-','4'),(7309540774174605933,'8387','MARIUS','LAZAR',1,3,50,1,'DEJ','0741140279','2018-11-08','\0',7,'BLUE STAR TRADING S.R.L. -','ORIZONT','3','2019-01-01',21.00,2,'D2','-','94'),(7332866033462166958,'7841','ARISTICA','MATEA',2,4,1,29,'CHETANI','0742897996','2018-11-16','\0',5,'Twin Sinergy S.R.L. -','HADARENI','174A','2019-01-01',40.00,2,'-','-','-'),(7358631118437826632,'7743','LAURA','COJOCARU',1,1,100,2,'OCNA MURES','0741313232','2018-11-12','\0',5,'Twin Sinergy S.R.L. -','BRAZILOR','31/30','2019-01-01',29.00,2,'-','-','-'),(7441319350909354286,'7722','MARIA','TOPIRCIAN',1,2,225,2,'TEIUS','0757112071','2018-11-05','\0',5,'Twin Sinergy S.R.L. -','DECEBAL','-','2019-01-01',32.00,2,'7','-','1'),(7458065403314654543,'6693','GHEORGHE','COMAN',2,4,1,15,'MEDGIDIA','0760719987','2018-11-16','\0',6,'SPEDICATO DEBORAH S.R.L -','POPORULUI','1T','2018-11-16',50.00,2,'30','C','78'),(7480245205930756641,'8367','IOAN','GHENEA',2,4,1,1,'DEJ','-','2018-11-07','\0',7,'BLUE STAR TRADING S.R.L. -','ECATERINA TEODOROIU','69','2019-01-01',35.00,2,'P2','-','19'),(7521723319320661316,'7840','ARISTICA','MATEA',1,1,75,29,'CHETANI','0742897996','2018-11-16','\0',5,'Twin Sinergy S.R.L. -','HADARENI','174A','2019-01-01',23.00,2,'-','-','-'),(7601667114848046833,'7997','VALERIA','BOERIU',2,4,1,1,'DEJ','0264212605','2018-11-24','\0',5,'Twin Sinergy S.R.L. -','ECATERINA TEODOROIU','63','2019-01-01',40.00,2,'-','-','5'),(7603275981952729982,'7990','GICA','TAT',1,2,150,2,'AIUD','0734148707','2018-11-22','\0',5,'Twin Sinergy S.R.L. -','AXENTE SEVER','-','2019-01-01',32.00,2,'21','A','20'),(7617026009505287372,'7758','ELISABETA','NOAGY',1,1,75,29,'CHETANI','-','2018-11-16','\0',5,'Twin Sinergy S.R.L. -','HADARENI','59','2019-01-01',23.00,2,'-','-','-'),(7639399918267089787,'6687..','AUREL','CALIN',1,2,125,15,'MEDGIDIA','0727823347','2018-11-09','\0',6,'SPEDICATO DEBORAH S.R.L -','MARGARITARULUI','31','2019-01-01',35.00,2,'F','A','4'),(7703207445421441386,'8451','CSILLA-KINGA','BALLA',2,4,1,1,'LACU','0758893499','2018-11-16','\0',7,'BLUE STAR TRADING S.R.L. -','GEACA','60','2019-01-01',35.00,2,'-','-','-'),(7753614591230233006,'7816','VICTORIA','BOJOC',2,4,1,2,'OCNA MURES','0727057994','2018-11-06','\0',5,'Twin Sinergy S.R.L. -','INDEPENDENTEI','26/73','2019-01-01',40.00,2,'-','-','-'),(7890454391998795660,'7980','ALINA-NATALIA','SUCIU',1,3,50,1,'DEJ','-','2018-11-19','\0',5,'Twin Sinergy S.R.L. -','1 MAI','182','2019-01-01',23.00,2,'F','C','88'),(7891245375514427718,'7835','MARIA','MAIER',1,1,75,2,'OCNA MURES','0258870357','2018-11-12','\0',5,'Twin Sinergy S.R.L. -','BRAZILOR','31/33','2019-01-01',23.00,2,'-','-','-'),(7948790794636906438,'7832','LUCRETIA','POP',2,4,1,1,'DEJ','-','2018-11-09','\0',5,'Twin Sinergy S.R.L. -','PRIMAVERII','2/A/A/13','2019-01-01',40.00,2,'-','-','-'),(7959952632806850588,'8368','IOAN','GHENEA',1,3,125,1,'DEJ','-','2018-11-07','\0',7,'BLUE STAR TRADING S.R.L. -','ECATERINA TEODOROIU','69','2019-01-01',29.00,2,'P2','-','19'),(7975133093290068434,'8351','MARIA','COSERIU',2,4,1,1,'DEJ','0755839986','2018-11-06','\0',7,'BLUE STAR TRADING S.R.L. -','ION POP RETEGANU','3','2019-01-01',35.00,2,'I','A','4'),(7978861197756353163,'7922','RARES','LACATUS',2,4,1,2,'ALBA IULIA','0740627002','2018-11-06','\0',5,'Twin Sinergy S.R.L. -','INDEPENDENTEI','-','2019-01-01',40.00,2,'26','-','78'),(7992081679070743948,'8400','IOANA-MONICA','NAGY',1,3,125,1,'DEJ','0740131437','2018-11-09','\0',7,'BLUE STAR TRADING S.R.L. -','UNIRII','10','2019-01-01',29.00,2,'A6','A','11'),(8006662170383303441,'8378','ANA','BORZAN',2,4,1,1,'DEJ','0746244818','2018-11-07','\0',7,'BLUE STAR TRADING S.R.L. -','GHIOCEILOR','2','2019-01-01',35.00,2,'E2','B','22'),(8062155469573734590,'8488','MARTIN','ZSOLDOS',2,4,1,1,'GHERLA','0748696794','2018-11-21','\0',7,'BLUE STAR TRADING S.R.L. -','FAGULUI','4','2019-01-01',35.00,2,'-','1','19'),(8065082812245165014,'6679','ANICA','SERBAN',2,4,1,15,'MEDGIDIA','0729278963','2018-11-07','\0',6,'SPEDICATO DEBORAH S.R.L -','MARGARITARULUI','24','2019-01-01',50.00,2,'IC2','-','11'),(8088747148644076961,'8393','FRANCISC','MARTONAS',2,4,1,1,'DEJ','0723751133','2018-11-08','\0',7,'BLUE STAR TRADING S.R.L. -','ORIZONT','3','2019-01-01',35.00,2,'-','-','49'),(8126288197553506019,'2457','TRIFAN','FLORIN-FLAVIUS',2,4,1,30,'PIATRA NEAMT','0720184141','2016-10-21','',3,'Richard Berszan','GRIGORE URECHE','3/G6/A/55','2016-12-01',0.00,2,NULL,NULL,NULL),(8142644357511531077,'7865','PETRU','RUS',1,2,200,1,'DEJ','0766303373','2018-11-24','\0',5,'Twin Sinergy S.R.L. -','ECATERINA TEODOROIU','67','2019-01-01',32.00,2,'D','-','21'),(8238109550553547566,'8413','LIVIU','DASCAL',1,3,50,1,'DEJ','0742457162','2018-11-12','\0',7,'BLUE STAR TRADING S.R.L. -','ECATERINA TEODOROIU','34/A','2019-01-01',21.00,2,'-','A','1'),(8450659187641307077,'8424','MARIA','RIGO',1,3,100,1,'GHERLA','0742040792','2018-11-14','\0',7,'BLUE STAR TRADING S.R.L. -','BRAZILOR','3','2019-01-01',26.00,2,'-','1','4'),(8494343240081163972,'7749','VALERIA','ROSCA',2,4,1,2,'OCNA MURES','0740301470','2018-11-12','\0',5,'Twin Sinergy S.R.L. -','1 MAI','39/9','2019-01-01',40.00,2,'-','-','-'),(8494663653020225071,'7837','TEODOR','HARASTASAN',1,2,150,2,'OCNA MURES','0757999677','2018-11-12','\0',5,'Twin Sinergy S.R.L. -','BRAZILOR','33/25','2019-01-01',32.00,2,'-','-','-'),(8537082150021709857,'7719','ION','BOISOREANU',2,4,1,2,'SINTIMBRU','-','2018-11-05','\0',5,'Twin Sinergy S.R.L. -','SINTIMBRU','S6/33','2019-01-01',40.00,2,'-','-','-'),(8591279547274118643,'7944','GHEORGHE','PURDEA',1,3,100,1,'DEJ','0764449533','2018-11-08','\0',5,'Twin Sinergy S.R.L. -','ORIZONT','6/N40/A/2','2019-01-01',29.00,2,'-','-','-'),(8599835803249559297,'6867','ALEXANDRU','ISTRATE',2,4,1,15,'MEDGIDIA','0740875915','2018-11-06','\0',6,'SPEDICATO DEBORAH S.R.L -','DUMITRU CHICOS','5','2019-01-01',50.00,2,'DC3','B','26'),(8691346635948639481,'7934','IANOS','FARKAS',2,4,1,1,'DEJ','0768706722','2018-11-08','\0',5,'Twin Sinergy S.R.L. -','DEALUL ROZELOR','9/C/23','2019-01-01',40.00,2,'-','-','-'),(8742521794066400112,'8416','LUCRETIA','STANCU',1,3,75,1,'DEJ','0743118005','2018-11-12','\0',7,'BLUE STAR TRADING S.R.L. -','LUCEAFARULUI','7','2019-01-01',21.00,2,'-','A','9'),(8983484854818917723,'8266','SABIN','DAMSA',2,4,1,2,'OCNA MURES','0258870221','2018-11-13','\0',3,'Richard Berszan','HORIA','15','2019-01-01',0.00,2,'-','-','-'),(8984425666290928080,'7844','FLOARE','ZSOLDOS',2,4,1,1,'GHERLA','-','2018-11-17','\0',5,'Twin Sinergy S.R.L. -','TRANDAFIRILOR','3/2/32','2019-01-01',40.00,2,'-','-','-'),(8991845488609412106,'8422','FLORICA','RUSU',2,4,1,1,'GHERLA','-','2018-11-14','\0',7,'BLUE STAR TRADING S.R.L. -','BRAZILOR','2','2019-01-01',35.00,2,'-','-','4'),(9052496553472640291,'6704','ION','VATAMAN',1,2,125,15,'MEDGIDIA','0756828416','2018-11-16','\0',6,'SPEDICATO DEBORAH S.R.L -','POPORULUI','1T','2019-01-01',35.00,2,'30','C','105'),(9160087081149089576,'8504','LUCRETIA','PACURAR',2,4,1,1,'GHERLA','-','2018-11-17','\0',3,'Richard Berszan','APEI','2','2019-01-01',0.00,2,'-','1','7');
/*!40000 ALTER TABLE `customer` ENABLE KEYS */;
UNLOCK TABLES;

--
-- Table structure for table `permission`
--

DROP TABLE IF EXISTS `permission`;
/*!40101 SET @saved_cs_client     = @@character_set_client */;
/*!40101 SET character_set_client = utf8 */;
CREATE TABLE `permission` (
  `permission_id` int(11) NOT NULL AUTO_INCREMENT,
  `permission_name` varchar(100) NOT NULL,
  `permission_code` varchar(45) NOT NULL,
  `permission_desc` varchar(45) DEFAULT NULL,
  `is_deleted` bit(1) NOT NULL DEFAULT b'0',
  PRIMARY KEY (`permission_id`),
  UNIQUE KEY `permission_permissionName_idx` (`permission_name`),
  UNIQUE KEY `permission_permissionCode_idx` (`permission_code`)
) ENGINE=InnoDB AUTO_INCREMENT=14 DEFAULT CHARSET=utf8;
/*!40101 SET character_set_client = @saved_cs_client */;

--
-- Dumping data for table `permission`
--

LOCK TABLES `permission` WRITE;
/*!40000 ALTER TABLE `permission` DISABLE KEYS */;
INSERT INTO `permission` VALUES (11,'Manage customer','MCU','Manage customer','\0'),(12,'Customer Export','CE','Customer Export','\0'),(13,'Encryption','ENC','Encryption','\0');
/*!40000 ALTER TABLE `permission` ENABLE KEYS */;
UNLOCK TABLES;

--
-- Table structure for table `permission_rest_method`
--

DROP TABLE IF EXISTS `permission_rest_method`;
/*!40101 SET @saved_cs_client     = @@character_set_client */;
/*!40101 SET character_set_client = utf8 */;
CREATE TABLE `permission_rest_method` (
  `permission_rest_method_id` int(11) NOT NULL AUTO_INCREMENT,
  `permission_id` int(11) NOT NULL,
  `rest_request_path` varchar(200) DEFAULT NULL,
  `rest_request_method` varchar(20) DEFAULT NULL,
  PRIMARY KEY (`permission_rest_method_id`),
  UNIQUE KEY `PERMISSION_REST_METHOD_UNIQUE` (`rest_request_path`,`rest_request_method`,`permission_id`),
  KEY `fk_RN_PERMISSION_REST_METHOD_PERIMISSION` (`permission_id`),
  CONSTRAINT `fk_RN_PERMISSION_REST_METHOD_PERIMISSION` FOREIGN KEY (`permission_id`) REFERENCES `permission` (`permission_id`) ON DELETE CASCADE ON UPDATE NO ACTION
) ENGINE=InnoDB AUTO_INCREMENT=78 DEFAULT CHARSET=utf8;
/*!40101 SET character_set_client = @saved_cs_client */;

--
-- Dumping data for table `permission_rest_method`
--

LOCK TABLES `permission_rest_method` WRITE;
/*!40000 ALTER TABLE `permission_rest_method` DISABLE KEYS */;
INSERT INTO `permission_rest_method` VALUES (73,11,'/customerservice/commission/calculate','POST'),(72,11,'/customerservice/county/find','POST'),(70,11,'/customerservice/customer','GET'),(68,11,'/customerservice/customer','POST'),(69,11,'/customerservice/customer','PUT'),(74,12,'/customerservice/customer/export','POST'),(71,11,'/customerservice/customer/find','POST'),(76,13,'/customerservice/encryption','POST'),(77,13,'/customerservice/encryption/passwordEncrypt','POST');
/*!40000 ALTER TABLE `permission_rest_method` ENABLE KEYS */;
UNLOCK TABLES;

--
-- Table structure for table `role`
--

DROP TABLE IF EXISTS `role`;
/*!40101 SET @saved_cs_client     = @@character_set_client */;
/*!40101 SET character_set_client = utf8 */;
CREATE TABLE `role` (
  `role_id` int(11) NOT NULL AUTO_INCREMENT,
  `role_name` varchar(45) NOT NULL,
  `role_desc` varchar(45) NOT NULL,
  `is_predefined_role` bit(1) NOT NULL DEFAULT b'0',
  `is_deleted` bit(1) NOT NULL DEFAULT b'0',
  PRIMARY KEY (`role_id`),
  UNIQUE KEY `role_roleName_unique` (`role_name`)
) ENGINE=InnoDB AUTO_INCREMENT=4 DEFAULT CHARSET=utf8;
/*!40101 SET character_set_client = @saved_cs_client */;

--
-- Dumping data for table `role`
--

LOCK TABLES `role` WRITE;
/*!40000 ALTER TABLE `role` DISABLE KEYS */;
INSERT INTO `role` VALUES (1,'Super user','Super user','','\0'),(2,'Agent','Agent','','\0');
/*!40000 ALTER TABLE `role` ENABLE KEYS */;
UNLOCK TABLES;

--
-- Table structure for table `role_permission`
--

DROP TABLE IF EXISTS `role_permission`;
/*!40101 SET @saved_cs_client     = @@character_set_client */;
/*!40101 SET character_set_client = utf8 */;
CREATE TABLE `role_permission` (
  `role_perm_id` int(11) NOT NULL AUTO_INCREMENT,
  `role_id` int(11) NOT NULL,
  `permission_id` int(11) NOT NULL,
  PRIMARY KEY (`role_perm_id`),
  UNIQUE KEY `rolePermission_unique` (`role_id`,`permission_id`),
  KEY `fk_rolePermission_role_idx` (`role_id`),
  KEY `fk_rolePermission_permission_idx` (`permission_id`),
  CONSTRAINT `fk_rolePermission_permission_idx` FOREIGN KEY (`permission_id`) REFERENCES `permission` (`permission_id`) ON DELETE CASCADE ON UPDATE NO ACTION,
  CONSTRAINT `fk_rolePermission_role` FOREIGN KEY (`role_id`) REFERENCES `role` (`role_id`) ON DELETE CASCADE ON UPDATE NO ACTION
) ENGINE=InnoDB AUTO_INCREMENT=5 DEFAULT CHARSET=utf8;
/*!40101 SET character_set_client = @saved_cs_client */;

--
-- Dumping data for table `role_permission`
--

LOCK TABLES `role_permission` WRITE;
/*!40000 ALTER TABLE `role_permission` DISABLE KEYS */;
INSERT INTO `role_permission` VALUES (1,1,11),(3,1,12),(4,1,13),(2,2,11);
/*!40000 ALTER TABLE `role_permission` ENABLE KEYS */;
UNLOCK TABLES;

--
-- Table structure for table `user`
--

DROP TABLE IF EXISTS `user`;
/*!40101 SET @saved_cs_client     = @@character_set_client */;
/*!40101 SET character_set_client = utf8 */;
CREATE TABLE `user` (
  `user_id` bigint(20) NOT NULL AUTO_INCREMENT,
  `user_name` varchar(200) NOT NULL,
  `email` varchar(100) NOT NULL,
  `first_name` varchar(100) NOT NULL,
  `last_name` varchar(100) NOT NULL,
  `password` varchar(80) DEFAULT NULL,
  `created_dttm` timestamp NULL DEFAULT NULL,
  `is_active` tinyint(1) NOT NULL,
  `is_locked` tinyint(1) DEFAULT NULL,
  `role_id` int(11) NOT NULL,
  `phone_number` varchar(20) NOT NULL,
  PRIMARY KEY (`user_id`),
  UNIQUE KEY `user_userName_unique` (`user_name`),
  UNIQUE KEY `user_email_unique` (`email`),
  KEY `fk_user_role` (`role_id`),
  CONSTRAINT `fk_user_role` FOREIGN KEY (`role_id`) REFERENCES `role` (`role_id`) ON DELETE CASCADE ON UPDATE NO ACTION
) ENGINE=InnoDB AUTO_INCREMENT=8 DEFAULT CHARSET=utf8;
/*!40101 SET character_set_client = @saved_cs_client */;

--
-- Dumping data for table `user`
--

LOCK TABLES `user` WRITE;
/*!40000 ALTER TABLE `user` DISABLE KEYS */;
INSERT INTO `user` VALUES (1,'super.user@pixelenergy.com','super.user@pixelenergy.com','Super','User','fa6ebc77818e918d48cce57c1065c73be466833e794e22b5d6604b6c00e071d40f97063057bd6962',NULL,1,0,1,'111111'),(2,'agent.user@pixelenergy.com','agent.user@pixelenergy.com','Agent','User','fa6ebc77818e918d48cce57c1065c73be466833e794e22b5d6604b6c00e071d40f97063057bd6962',NULL,1,0,2,'111111'),(3,'BERSZANRICHARD@pixelgreenenergy.ro','BERSZANRICHARD@pixelgreenenergy.ro','Richard','Berszan','6bac3104185a0501e4c3f4c7d9b7bf4b924bce238a5b9f04d08a8e4cd85c132ce1fbbce059672be1',NULL,1,0,1,'0771758502'),(4,'DUMBREVANCRINA@pixelgreenenergy.ro','DUMBREVANCRINA@pixelgreenenergy.ro','Crina Andreea','Dumbrevan','76df1072336e77167baa981a921e8b13bb67c23ee4627badfe4503eaf2d3a5db88653ac316396e8c',NULL,1,0,2,'0720282076'),(5,'APACZAIARPAD@PIXELGREENENERGY.RO','APACZAIARPAD@PIXELGREENENERGY.RO','Twin Sinergy S.R.L.','-','76df1072336e77167baa981a921e8b13bb67c23ee4627badfe4503eaf2d3a5db88653ac316396e8c',NULL,1,0,2,'0743231032'),(6,'spedicatodeborah@gmail.com','spedicatodeborah@gmail.com','SPEDICATO DEBORAH S.R.L','-','76df1072336e77167baa981a921e8b13bb67c23ee4627badfe4503eaf2d3a5db88653ac316396e8c',NULL,1,0,2,'0721 142 664'),(7,'pacurarflorin@pixelgreenenergy.ro','pacurarflorin@pixelgreenenergy.ro','BLUE STAR TRADING S.R.L.','-','76df1072336e77167baa981a921e8b13bb67c23ee4627badfe4503eaf2d3a5db88653ac316396e8c',NULL,1,0,2,'0745092882');
/*!40000 ALTER TABLE `user` ENABLE KEYS */;
UNLOCK TABLES;
/*!40103 SET TIME_ZONE=@OLD_TIME_ZONE */;

/*!40101 SET SQL_MODE=@OLD_SQL_MODE */;
/*!40014 SET FOREIGN_KEY_CHECKS=@OLD_FOREIGN_KEY_CHECKS */;
/*!40014 SET UNIQUE_CHECKS=@OLD_UNIQUE_CHECKS */;
/*!40101 SET CHARACTER_SET_CLIENT=@OLD_CHARACTER_SET_CLIENT */;
/*!40101 SET CHARACTER_SET_RESULTS=@OLD_CHARACTER_SET_RESULTS */;
/*!40101 SET COLLATION_CONNECTION=@OLD_COLLATION_CONNECTION */;
/*!40111 SET SQL_NOTES=@OLD_SQL_NOTES */;

-- Dump completed on 2018-12-03 21:27:13
